d1,k1,,k2,Kd,n
0.017666909,2.945551814,,0.000725827,899.8428427,0.695682049
0.019781604,0.176129999,,0.009458741,23.21845584,3.021992332
0.017711012,0.500226467,,0.011459526,22.77718242,1.144327498
0.018213948,1.448215973,,0.013309651,20.37823972,2.42923153
0.018661244,0.066196242,,2.665835416,20.0678109,0.536072488
0.019991371,0.808164929,,1.300668632,1.637444794,0.954290225
0.018430052,0.354133219,,1.464985524,0.123737119,3.096202863
0.018186023,7.928055225,,0.126619327,5.787619883,1.024911969
0.018539953,1.643740793,,0.016691678,0.452723807,0.836536271
0.01858089,6.107076122,,6.670627149,218.3567726,3.019898373
0.01638111,0.05548386,,0.000151066,15.69760271,1.588318236
0.018532843,2.686375182,,0.00037368,33.94949616,1.940596264
0.017767147,2.191963577,,0.400405468,0.233077312,0.837696761
0.01547707,0.225164542,,0.000219196,1.098584161,1.46357837
0.015379425,1.624925048,,7.120328,28.56494113,1.501599422
0.018960678,1.968641639,,0.00223443,777.7380258,1.460538107
0.019383513,0.529866749,,0.430691863,0.300261742,3.968241973
0.017936623,2.878502869,,0.135155379,104.5121222,1.186325577
0.015139451,0.240344027,,0.028237961,351.4255501,1.019244379
0.016238785,0.042250644,,0.003794606,2.045659435,2.454620514
0.019935854,0.229526764,,5.922430869,0.256546838,3.827759003
0.017318017,0.627335696,,0.059224309,174.7833262,1.295491904
0.019707761,0.12326317,,0.128085509,3.460721624,1.928527877
0.018019374,5.002264671,,0.043567904,23.04092976,0.537188379
0.015465202,0.679986045,,0.12956867,36.94026444,1.259193501
0.01707397,0.064689431,,0.005765452,1.662774415,1.324547884
0.017294783,0.309623085,,0.001481949,51.18782384,0.606887075
0.016332486,1.51065978,,8.62647431,18.72837083,1.065477406
0.019772121,1.612501027,,1.823195891,0.321736253,1.912553361
0.015088724,0.073141972,,0.000924343,0.527837207,2.147264629
0.016337186,6.321692009,,0.000191646,7.286181745,0.800792296
0.016414131,3.794605804,,0.001077705,212.5690345,2.65461014
0.017847405,7.065886657,,0.234873129,16.50061001,0.891001645
0.019285249,1.682028435,,0.000183021,6.90504744,0.600609833
0.016796276,1.033157819,,0.00069316,2.366827827,1.894083588
0.018772523,2.991116533,,0.31081359,580.9873369,1.543815128
0.015228269,0.519796479,,0.015697603,9.03302752,1.265317992
0.018734758,0.346072162,,0.325461783,2.394234402,1.542745408
0.016425153,0.457966102,,0.015164683,8.206664263,2.024407887
0.018107715,0.470435406,,0.003582339,576.5451635,1.092399077
0.018736554,0.207730373,,0.005380633,439.0358656,0.554208215
0.019581547,4.632690995,,0.092434338,0.340800325,0.586214273
0.01839474,6.69627581,,9.641989777,2.823796095,0.777276606
0.015254577,0.107770525,,1.005773063,0.13309651,1.316310644
0.017268268,0.280220562,,4.019450334,40.97321098,3.011537033
0.01819649,0.138835331,,0.001431638,3.368992157,0.826163942
0.016690308,0.774759066,,1.70804772,9.458740991,1.04066087
0.019574037,0.685225211,,0.278078023,221.7345319,1.102287073
0.015788875,8.759917176,,0.001991437,2516.710919,0.599362198
0.015232651,7.600345469,,0.028895708,488.8399226,2.272846102
0.01938909,0.040194503,,0.004668385,2.900681199,1.92052401
0.01688024,0.942251129,,0.001351554,2.421958329,0.914782074
0.017337957,0.714770577,,0.085934324,7.897688494,2.201520075
0.017379572,0.37946058,,0.798913942,15.04873519,2.469981096
0.019366792,4.441196614,,0.000454465,0.159404288,3.45695063
0.019471072,0.063703995,,0.000256547,0.748456676,1.346766742
0.016693509,1.025258393,,0.022777182,18.58517551,0.716729182
0.019046327,0.556971962,,0.179542251,303.7386092,0.594809667
0.019559027,0.440723965,,0.086596432,0.420888119,2.974196568
0.015175789,0.303738609,,0.026556245,9.386420367,1.767242476
0.017823461,3.060788587,,0.025753326,138.835331,1.052266404
0.019703982,0.230409298,,5.17805509,7.629568912,1.784475384
0.018283946,0.152229913,,0.003736801,150.4873519,0.717226153
0.01843182,2.08529099,,4.290421892,2834.653633,0.52576864
0.015785847,0.452723807,,0.000352777,0.292303041,0.79746881
0.017953832,0.388299353,,4.03490518,1065.368864,0.753928701
0.017471477,3.421107072,,0.009350468,10.94376268,3.90277421
0.015707327,5.655877571,,0.008759917,32.67131889,0.716232555
0.016433031,2.645452695,,1.163679365,185.8517551,1.181402033
0.019039023,0.879359919,,0.01575796,6.852252111,2.695401147
0.016243457,0.165640551,,3.343233167,1.204573579,2.882858447
0.015493405,1.005773063,,4.458273081,0.106536886,1.599365863
0.018066089,0.283465363,,0.000798914,2.08529099,1.477850159
0.015532082,3.22973334,,0.548487414,5484.874144,0.605206757
0.016527853,8.793599189,,0.000238506,59.91009386,2.866916726
0.015864759,1.227910369,,0.053394927,0.411307536,1.470696953
0.018222683,2.251645417,,0.000386812,447.5415208,0.791960291
0.016728764,0.300261742,,5.380632535,0.479549379,1.879696839
0.017897106,0.964198978,,0.000395822,8.175230379,1.711783207
0.018231422,1.377738094,,0.001033158,0.237592832,0.50575129
0.017784193,4.686335029,,0.002459424,0.833361309,1.796887392
0.016475633,2.748948899,,0.086929397,17.47833262,1.533151218
0.017020025,4.722442369,,0.002175204,111.5578151,2.427548299
0.019123192,1.310690042,,0.036798773,0.141525055,0.584186126
0.015684749,0.063948938,,0.826989509,38.53304533,1.478874881
0.015508269,7.286181745,,1.545847567,0.23577622,3.57885973
0.016128599,0.920802875,,0.637039947,3447.466066,0.58743454
0.015711846,0.205352503,,0.037655926,2.459423584,0.576942721
0.015239956,1.823195891,,0.041607025,0.232184558,0.941804813
0.017372907,1.618701118,,0.000297966,0.102525839,0.631782552
0.015177244,1.701505406,,0.007928055,1481.949257,0.758646654
0.017777373,0.067478694,,2.625225818,0.153992653,3.738604865
0.017431313,0.115922214,,5.968062098,0.599100939,1.371257964
0.019861436,4.907195194,,1.51646829,35.82338881,0.944419673
0.017555448,1.504873519,,0.026658354,83.9782203,1.954094178
0.01754535,4.407239651,,5.099175976,4.424185554,1.742912327
0.01543705,0.559113528,,0.185139889,0.714770577,1.290115293
0.017864528,8.659643234,,0.010572232,774.7590655,0.574548266
0.018648721,1.938652636,,1.393691549,3.988718003,0.500867185
0.017705918,0.424130984,,0.003381946,0.188726694,1.028470206
0.015530592,1.393691549,,0.084625257,0.7120328,3.057812615
0.015441492,1.2710618,,0.000370823,485.1022995,1.289221363
0.017816625,0.355494866,,0.000122321,9.067759646,1.344901021
0.017745012,0.100964028,,2.759518649,3.67987726,2.209163199
0.015244341,4.290421892,,0.000100577,0.127594905,1.199555576
0.015567869,0.335608795,,0.000141525,98.2878873,0.651347796
0.019607853,2.150304679,,8.019857778,0.252638771,0.620928906
0.015258966,5.217951042,,0.002277718,2.431270795,0.647745952
0.017682163,2.856494113,,0.196864164,0.172782598,0.668268603
0.015560407,0.477712567,,0.005360023,14.99109421,2.129478258
0.017606025,8.175230379,,0.820666426,17.01505406,1.631840441
0.016820453,0.033949496,,0.002142068,0.334323317,3.63385285
0.017663521,5.634213934,,0.000146499,1.181680313,1.060320199
0.017627987,1.223207119,,0.774759066,0.146498552,2.687938258
0.018659454,2.812980144,,0.001029201,40.3490518,1.825763629
0.016632789,0.672202309,,0.613055792,0.126134338,0.75236258
0.019619138,0.865964323,,0.020693471,9.531618832,1.382711335
0.016706321,0.59680621,,0.000123737,1.159222139,2.409109552
0.019020774,4.257617739,,0.001493367,0.979114164,1.485038156
0.017820043,1.098584161,,0.000971628,3.596113027,0.996194948
0.017309715,0.29342695,,0.641948222,359.6113027,0.778894589
0.018165108,1.961101175,,0.896396186,12.75949051,0.83479855
0.016077641,3.912911271,,0.62493282,1168.15373,0.977724561
0.019953067,0.57433683,,3.823842537,7.2304723,0.795812243
0.018415919,0.08238219,,0.035007949,62.01546437,2.759678109
0.017902256,0.29006812,,0.768835332,3.62382041,2.101617327
0.015114791,1.872837083,,0.266583542,14.31638382,0.521052266
0.017850828,0.195358959,,0.032923045,0.698500412,1.299989526
0.019853819,0.054429373,,0.001372461,2.109437521,0.5163782
0.019159903,1.631172909,,0.367987726,0.303738609,1.305407289
0.016715936,0.069050474,,0.001159222,0.12710618,0.68183757
0.016612068,0.056776245,,0.459726989,26.3531985,2.890862519
0.015665209,4.373542321,,1.909120466,0.140442968,1.212933117
0.016751238,2.20039171,,0.000153993,22.51645417,2.898888813
0.016085351,0.805069425,,5.463865499,224.3020967,0.537933597
0.017531896,2.375928315,,0.003434261,16.18701118,2.680496033
0.016930495,0.81439169,,0.42250644,12.85780002,1.6695971
0.0156577,0.06321692,,0.304906489,0.768835332,1.369358314
0.0151032,6.722023091,,0.123737119,72.86181745,2.41579829
0.019218787,2.061420861,,1.377738094,270.7073204,0.981118975
0.01891165,1.077705254,,0.340800325,0.637039947,3.094057483
0.017567237,0.617779273,,0.001675586,0.142069221,2.437665211
0.018454812,2.575332647,,0.023668278,149.9109421,0.951648035
0.016860826,8.560517117,,1.734469497,147.0618415,0.5121009
0.015533571,0.128085509,,0.01901808,0.728618175,1.355194571
0.015442972,0.43234788,,0.019914374,3.205039109,2.750130349
0.015329364,6.645076729,,0.000111558,15.75796023,1.069176475
0.015555931,7.175188804,,2.022242965,64.4416522,3.111262238
0.017313035,0.108600877,,0.000245,0.986658057,1.974517289
0.018198235,6.060382005,,0.000299112,78.97688494,0.846451904
0.015609726,1.499109421,,4.888399226,0.188003817,0.697613566
0.019747488,0.042088812,,0.001844308,0.615413001,1.447436442
0.019587181,0.041288902,,0.122320712,10.98584161,2.562407632
0.016542123,0.202224297,,1.539926526,0.132586712,3.8171609
0.019762644,0.191646106,,0.000273842,0.817523038,1.217988068
0.018179049,0.222587104,,0.019990945,6.543849964,1.63977742
0.018282193,1.88003817,,0.104111811,17.81694886,1.829564148
0.016810778,0.256546838,,0.000369403,13.67204041,0.945729825
0.016911023,0.08365656,,0.013515538,1.415250553,3.870446481
0.016687107,4.562119602,,0.000506019,606.0382005,1.047899238
0.015797962,6.249328199,,0.315621563,1.111305166,3.198731725
0.019115858,0.114595263,,0.134121994,6.419482215,1.031325687
0.015881503,4.740600231,,0.008143917,479.5493794,0.83133393
0.01651993,0.11415633,,0.001669168,0.107770525,1.554553211
0.015377951,0.513846418,,0.052783721,0.135675053,2.578442726
0.016901296,0.244061907,,0.01372461,0.11415633,0.587841859
0.016144073,0.538063253,,0.116815373,4.192759967,2.939355793
0.01693699,5.278372068,,0.000632169,5721.369547,0.693275172
0.01928155,0.121852188,,0.00273842,156.3747638,0.698581334
0.016374828,6.79986045,,0.610707612,2.595175106,0.749759603
0.017644899,1.145952633,,1.768072218,300.2617421,1.202052577
0.015313202,1.128495938,,0.031441264,1.275949051,1.75138954
0.015564884,5.422089308,,0.856051712,0.687859912,2.430915929
0.016466156,1.061288195,,8.23821901,0.15281524,0.530527706
0.019534659,0.040659934,,6.931597451,0.956826805,0.560000492
0.017489916,3.868120546,,0.002286476,259.5175106,0.764453154
0.018942504,2.923030408,,0.525815439,7.011861566,0.514235103
0.019167253,3.292304533,,0.033949496,0.261517045,1.846124693
0.019909108,6.130557921,,0.358233888,72.02777512,0.637943252
0.019719104,0.04851023,,0.27279307,33.43233167,2.769259018
0.017236834,1.80925591,,7.958538716,7.837303527,3.40463467
0.015770716,6.297478111,,4.492623247,6.037169,1.820708548
0.016626411,1.656405511,,0.382384254,1251.699273,0.907833732
0.018234919,4.888399226,,0.001383036,6878.599123,0.632658996
0.017003711,0.196864164,,0.00020773,35.41332187,2.502725388
0.016377969,0.72304723,,0.000133097,102.9200527,1.271472272
0.015997669,0.465050376,,0.007314197,0.195358959,1.376972741
0.019976041,0.768835332,,5.021498454,2175.204034,0.546199538
0.016899675,0.43567904,,0.001781695,4.869675252,0.739437441
0.016532608,1.694988151,,3.096230849,0.427398834,1.602695111
0.018451273,3.408003248,,0.000173447,701.1861566,0.635736136
0.016608882,1.045121222,,0.002665835,47.95493794,1.715346464
0.019226161,0.077179152,,1.285780002,0.264545269,3.459347636
0.015639692,8.301692956,,0.038238425,4.257617739,2.755855034
0.015190349,0.823821901,,0.048324422,1.872837083,0.750279477
0.018904397,0.31081359,,3.554948662,0.872636418,0.723216752
0.018081688,0.544293732,,0.000210136,49.8310456,0.582568661
0.018991613,0.830169296,,7.314197223,0.517805509,1.387511761
0.016423578,0.122791037,,0.000134638,6.594269111,0.549998657
0.019333392,0.527837207,,0.077179152,179.5422513,1.395227131
0.016382681,2.52638771,,0.554838599,1.001920663,0.615358903
0.017702522,6.419482215,,0.013990503,209.3308965,0.623516654
0.017813209,0.050796447,,0.321736253,2.968246743,1.018538137
0.01935194,1.242128901,,0.188003817,2.856494113,1.073632315
0.018315533,0.155775803,,1.795422513,12.80855095,3.236646935
0.017269924,0.839782203,,0.002440619,4.019450334,0.723718221
0.016049913,1.275949051,,0.006273357,5.877148532,0.593162789
0.016334053,0.095316188,,0.000110705,11.9078494,0.947041794
0.015758623,6.468943132,,0.002834654,0.198380966,1.658064351
0.018993434,1.72120791,,0.008527728,9.90451772,2.541182519
0.016232557,0.038681205,,0.440723965,6.518785137,1.691730782
0.016786615,0.097162795,,0.000739889,13.46376946,2.299786603
0.01982148,0.869293969,,0.000472244,0.220039171,2.507935074
0.019553401,0.155179137,,0.00016187,5.401321148,3.062054583
0.017142875,4.019450334,,0.001931227,2.748948899,3.733425649
0.019954981,0.257533265,,0.001522299,0.19762111,0.522136891
0.016074557,7.370551753,,0.009568268,21.91963577,0.828457733
0.018566641,0.502149845,,0.000188004,0.356861749,1.350505954
0.01914521,1.528152396,,0.314412642,0.125651208,1.453468696
0.019632312,9.86658057,,7.717915156,120.9205183,1.491227117
0.019158066,1.057223156,,0.000294555,13.15729665,1.521505976
0.016321527,0.281298014,,0.161870112,236.6827827,0.503652297
0.017907407,2.277718242,,0.523801414,2.536101709,0.555746938
0.018268173,0.199909454,,0.000892963,65.43849964,1.9365651
0.019641727,1.23737119,,0.003014163,1.481949257,2.912988488
0.019493491,0.314412642,,0.00212569,83.65655958,1.51834538
0.019734237,5.765451635,,0.024126815,546.3865499,0.808040775
0.017336294,0.1600172,,0.461494646,26.556245,1.411765039
0.015524636,0.053806325,,0.108600877,0.213386366,2.708511094
0.016680708,0.226899393,,0.009866581,0.771791516,3.616263991
0.017768851,2.58523484,,0.002802206,1.232631703,1.053726166
0.015153976,2.304092976,,2.497468389,143.1638382,1.362730239
0.017319678,0.113283502,,0.002555642,0.244061907,0.992748375
0.019303751,0.376559261,,0.003637754,0.622539148,2.917029548
0.016849512,4.869675252,,0.000567762,0.240344027,2.296600631
0.015817668,3.973440066,,0.034607216,2.208852249,2.825487879
0.01775182,0.92789749,,1.487647374,18.94523514,1.996537265
0.017202158,0.641948222,,0.000223443,27.48948899,1.778301568
0.016108505,0.261517045,,0.000230409,1.049139729,1.984120986
0.01813552,0.156374764,,0.007286182,74.84566763,1.659214032
0.016206116,3.80919612,,0.04632691,0.259517511,0.720714612
0.017329646,7.147705768,,3.596113027,391.2911271,0.737901421
0.0185613,0.160632468,,0.003049065,0.677381503,2.271271231
0.018331347,2.260303027,,1.372460961,0.183724328,1.014310952
0.016231001,3.943059525,,0.000565588,35.54948662,2.580230586
0.019037197,1.001920663,,4.128890196,115.0358838,2.359530794
0.018366538,0.312008673,,0.872636418,19.38652636,2.081321739
0.015603739,0.064441652,,0.000852773,0.350079489,0.810284248
0.017547033,1.650061001,,7.065886657,0.589974626,3.96549235
0.015554439,1.246904905,,0.302575203,567.7624505,0.682310347
0.017714409,2.014497193,,0.000521795,1476.272965,0.640601908
0.015308798,1.251699273,,0.009208029,1.675585782,1.210413514
0.018041852,7.038822279,,0.08238219,39.58220648,1.600474843
0.01940211,0.082066643,,1.493367401,12.18521884,3.973746939
0.018663033,1.351553786,,0.002696704,55.27134079,1.629579798
0.017694036,7.629568912,,1.851398894,1141.563305,1.479900315
0.015416339,0.786743808,,0.133608268,610.7076122,1.170804341
0.015152523,9.605058184,,0.003460722,229.5267638,3.762000394
0.017503338,0.09568268,,0.000170805,0.457966102,1.398131443
0.015491919,2.605153593,,1.551791374,2.403440269,3.268208443
0.015292658,1.768072218,,0.066706271,0.247837299,0.614080629
0.016220109,2.385063795,,2.295267638,4.050419451,3.141601082
0.01511769,4.945004221,,5.278372068,3.343233167,1.818186259
0.018846476,0.811272335,,0.002686375,0.168202843,3.33688045
0.018680939,0.102920053,,8.793599189,46.86335029,0.598531881
0.016042219,0.213386366,,0.714770577,0.859343243,1.883609625
0.015165605,1.431638382,,0.099426007,67.22023091,0.87569477
0.016316832,0.380919612,,4.373542321,0.113283502,2.721684805
0.016589781,8.462525688,,8.692939692,0.488839923,1.458514774
0.015499349,0.194610678,,0.137246096,0.248790237,2.607197728
0.019590938,0.324215171,,0.000550596,25.36101709,1.677717721
0.017311375,0.209330896,,3.541332187,1.788545529,0.736879182
0.019850012,0.050601882,,0.000326713,0.162492505,0.939197192
0.019997123,4.851022995,,0.00049831,52.98667488,0.709315805
0.015140903,0.078072844,,0.002487902,24.59423584,2.982454234
0.019364935,0.129072384,,0.147061842,2.022242965,3.238891186
0.019857627,0.059224309,,0.006931597,28.78502869,0.59152047
0.015869324,0.116815373,,0.005021498,31.56215633,3.556603136
0.015106097,0.4632691,,0.045098975,4.323478796,0.588657346
0.016019161,0.074845668,,0.454464537,0.869293969,2.020202623
0.016290254,8.527727876,,0.000148195,128.0855095,0.81988871
0.015349958,0.777738026,,0.589974626,5.945202704,1.076613186
0.018909836,4.340102636,,0.000913763,246.8880105,1.467641902
0.015630696,0.760034547,,0.000247837,11.59222139,2.330274645
0.01769234,2.707073204,,0.745589872,0.104512122,0.771907564
0.017540304,0.044926232,,0.001754554,0.277012904,2.521880649
0.019800582,1.021331359,,0.01132835,0.416070253,2.748224764
0.01785254,3.582338881,,0.017080477,123.737119,1.824498544
0.017888527,2.053525026,,0.005743368,0.105722316,0.677597285
0.016040681,1.163679365,,1.256512076,4.926063433,2.656450813
0.018931609,3.67987726,,6.77381503,0.559113528,1.986873469
0.019147046,0.320503911,,0.005060188,4.475415208,3.935371956
0.015852593,2.696704335,,0.011636794,23.48731289,1.319965297
0.019255682,8.895424269,,1.325867118,0.548487414,3.549215072
0.016696711,5.591135276,,3.897923696,233.0773115,1.416666332
0.015297058,0.104111811,,0.024500033,10.01920663,2.564184373
0.015635193,0.161870112,,0.001600172,3.242151713,1.661515786
0.017690643,0.703882228,,6.826006015,10.25258393,3.378774341
0.018024559,2.507071193,,0.990451772,4.832442183,1.457504159
0.018472517,0.203782397,,0.370823003,56.12633275,2.254019505
0.018761725,3.002617421,,0.104512122,0.212569035,0.825019429
0.015426691,1.795422513,,0.000131069,96.41989777,0.801347555
0.019191163,9.56826805,,0.178854553,550.5963567,0.916051111
0.016655134,0.695824955,,0.350079489,25.45853058,0.864237657
0.015423733,1.637444794,,0.417670049,87.26364175,2.544707789
0.017854252,0.254585306,,0.906775965,0.563421393,3.970993502
0.018664823,3.317671128,,0.01650061,123.2631703,0.866036659
0.018240166,0.037800714,,0.053190409,1.916461063,2.858978954
0.01637954,2.339734973,,0.002655625,11.54781985,1.745330192
0.017147807,0.285649411,,0.028674774,115.4781985,0.566245663
0.01603453,0.242195833,,0.013207887,0.215030468,2.079879577
0.019385372,1.761299993,,0.56776245,90.67759646,2.004857921
0.017733105,4.81393254,,0.00394306,8.593432434,0.946385582
0.016881859,0.563421393,,0.016949882,3.217362533,2.166700882
0.016703117,1.150358838,,0.000313208,0.128578,2.01042428
0.015069925,1.563747638,,0.001545848,104.1118108,0.753406299
0.016809166,1.266193268,,0.071477058,1851.398894,0.511037123
0.017979675,0.215857263,,0.001213855,64.68943132,1.078854269
0.01937608,0.400405468,,5.060188166,3.072557365,0.654969667
0.018449503,0.056558776,,0.005002265,8.963961859,3.214289782
0.015538041,0.392795647,,0.27070732,6.79986045,1.429489477
0.015401563,0.092789749,,0.000233077,7.688353322,2.243109424
0.015614217,0.112417347,,0.07513345,0.309623085,2.206102771
0.019933942,8.269895086,,2.045659435,18.0925591,1.475802843
0.019237226,2.11754834,,0.000162493,148.1949257,1.379839055
0.017806377,0.093146527,,0.170804772,11.19867566,0.787580884
0.019815778,0.687859912,,0.320503911,21.66872377,1.637505781
0.017721205,0.637039947,,0.731419722,0.651878514,0.69375588
0.01739291,0.38979237,,0.000193865,264.5452695,1.015718061
0.018920719,0.698500412,,0.012469049,1.901807986,1.106113937
0.017924587,0.040973211,,0.59452027,0.430691863,1.042827115
0.016801109,0.147061842,,0.000945874,3.14412642,1.973149132
0.017821752,8.112723354,,0.021919636,1.499109421,1.575161768
0.018875414,8.206664263,,0.003304963,994.260074,1.057384439
0.017677077,0.994260074,,0.010411181,0.291183436,2.027216258
0.017177432,0.370823003,,0.002889571,450.989745,0.633536656
0.016302756,8.430111782,,0.000195359,61.30557921,2.884857385
0.018527512,4.704354057,,0.00021752,1.909120466,3.156881266
0.016429879,0.279147237,,1.280855095,0.122791037,0.512455984
0.018967952,0.044582731,,1.290723845,6.468943132,1.24616923
0.016403117,1.086008772,,1.009640276,192.3829884,2.874876537
0.019292648,3.096230849,,0.000202224,0.93146527,1.919193265
0.019545902,0.250707119,,0.000257533,13.30965097,0.603949572
0.019958808,0.366578227,,1.522299133,5.591135276,2.627152595
0.016551644,0.542208931,,0.01612501,35.27767866,0.725224717
0.015829807,0.23577622,,0.474060023,70.11861566,0.621790293
0.01875453,0.572136955,,0.003722488,38.82993528,0.986574566
0.017235181,0.076883533,,0.013567505,5.484874144,1.951387105
0.019205891,0.175455371,,2.802205622,0.181621253,0.591930623
0.015745028,0.826989509,,0.002330773,9.641989777,1.752603931
0.019084721,0.661962417,,0.025852348,0.161250103,1.185503564
0.01612396,0.275951865,,0.065942691,2.101357769,0.869645904
0.018918905,2.770129039,,0.024312708,2.450003285,0.603112901
0.01851508,0.554838599,,4.704354057,0.481393254,0.680892997
0.01622322,2.037823972,,0.000414477,3.447466066,2.107452333
0.018693482,9.679063372,,0.014876474,0.903302752,1.017127122
0.015872368,1.049139729,,0.013157297,89.63961859,3.302365949
0.015716367,4.527238074,,0.000128578,20.45659435,0.809722796
0.015927257,4.98310456,,0.935046768,29.56877505,3.32072902
0.015084383,1.80232594,,0.088274107,0.879359919,3.687134387
0.018255914,7.45589872,,0.795853872,137.7738094,0.589882698
0.016534194,6.619624175,,0.001218522,15.51791374,1.835915934
0.015052594,0.430691863,,0.000231295,5.832212419,2.446128172
0.018400032,0.220039171,,0.003217363,5.339492736,0.692794797
0.01543853,3.838545268,,4.597269885,0.150487352,1.380795818
0.015120589,0.042739883,,5.484874144,0.136720404,0.802459229
0.017134657,0.143714305,,0.000646894,11.32835021,2.45291969
0.018502656,4.50989745,,0.000158794,1330.965097,1.085605549
0.018201725,4.128890196,,0.000234873,17.88545529,0.844108291
0.018348934,1.073577333,,0.118168031,45.62119602,0.996885697
0.017760334,1.213854595,,0.0003408,2061.420861,0.731789185
0.018312021,5.360023165,,0.03025752,93.50467678,2.723571988
0.016046835,4.614946457,,0.041767005,7.147705768,0.950329685
0.015967017,3.609940136,,0.088613522,1.528152396,1.394260369
0.0192834,7.958538716,,0.000411308,196.8641639,2.955700317
0.017226919,7.717915156,,0.138303552,9.102625318,2.380888403
0.018926163,8.593432434,,0.076589047,0.695824955,2.665673342
0.0162419,0.245942358,,0.007747591,0.533949274,1.334685656
0.016639171,1.141563305,,0.72304723,6.394893753,0.66595657
0.015973143,2.565468383,,0.000808165,0.149910942,1.235846875
0.017308056,1.111305166,,0.00695825,4.290421892,1.622816639
0.015276535,1.844307504,,0.033049635,42.25064403,1.428498974
0.017577347,6.201546437,,0.000106537,2.759518649,3.117738657
0.015699797,1.330965097,,5.258154385,12.23207119,0.786489822
0.015156882,1.124173474,,0.011726453,0.206142086,1.129355742
0.016794666,0.7120328,,8.365655958,0.899842843,3.225448988
0.019097536,0.172120791,,0.006014045,0.190912047,3.7829193
0.017192263,3.132083512,,0.424130984,12.95686698,1.832102221
0.01718567,1.290723845,,3.084371394,3.356087949,1.516241965
0.019044501,0.18443075,,0.000437354,4.668385018,1.476826146
0.018655876,0.373680125,,0.000492606,6.225391476,1.970415661
0.019594696,2.6556245,,0.000356862,0.273841963,1.717726088
0.017223616,0.359611303,,0.021503047,3.02575203,0.805245166
0.016661524,2.403440269,,0.018513989,2.00678109,1.293697215
0.018933424,0.048324422,,0.005699455,0.115478198,3.636372518
0.016079182,0.120457358,,0.011862239,0.376559261,1.535278091
0.015107545,0.053190409,,0.00964199,47.22442369,3.068428571
0.018187767,3.637754054,,0.000123263,22.95267638,0.890384263
0.017047793,0.146498552,,0.037800714,6.370399471,2.927156741
0.01770422,0.967906337,,0.007120328,5238.014142,0.687056191
0.018821191,3.665782273,,0.405041945,1.991437435,1.236703796
0.018460122,0.210135777,,0.001788546,1.033157819,0.870248906
0.018871794,4.475415208,,0.002093309,5.655877571,0.745613559
0.019176446,0.639489375,,0.048139325,27.17481941,0.729257387
0.019132363,0.350079489,,0.011503588,2.665835416,1.435446936
0.019024422,0.154584757,,0.036940264,42.73988343,1.359899465
0.017488239,2.968246743,,0.076295689,0.397344007,2.172716588
0.018007283,1.053173687,,0.105722316,0.205352503,2.527130209
0.01665194,3.108135903,,0.001195364,133.0965097,0.626983769
0.016043758,0.141525055,,0.000347403,0.154584757,3.045121938
0.015043936,1.041118108,,0.183724328,400.4054683,0.561555298
0.019207733,0.742734048,,0.036238204,0.856051712,1.547028741
0.015023753,0.11726453,,0.006060382,2.945551814,1.064739129
0.016221665,0.340800325,,0.001557758,5.442937323,2.652770742
0.0172451,7.342320421,,0.000233973,204.5659435,1.498480178
0.017619537,2.487902367,,0.010057731,1.694988151,0.918594468
0.018191256,0.674786937,,0.000685225,1.295686698,2.528882489
0.017753523,0.072582736,,0.002158573,1.968641639,2.044148491
0.016054531,0.411307536,,0.550596357,3.554948662,2.802083602
0.015317608,2.900681199,,0.000615413,1053.173687,0.649994763
0.016083809,0.073423204,,5.527134079,0.103713033,2.986591661
0.019604093,9.314652699,,1.35675053,0.556971962,0.536444194
0.015915043,0.550596357,,2.093308965,83.3361309,0.672916779
0.015675728,0.569945506,,0.00012517,0.59680621,1.006606626
0.015629197,0.338194598,,0.008593432,30.49064887,0.589473965
0.016003807,7.202777512,,0.119078494,0.41288902,0.930127244
0.017037988,4.424185554,,9.278974901,46.68385018,2.776947688
0.015171424,0.174113856,,3.060788587,0.148764737,1.340248017
0.015456306,2.093308965,,0.000559114,0.25556419,3.03669076
0.015072816,0.267608559,,0.010943763,757.1233961,0.673850287
0.01948041,8.929627309,,0.062493282,0.147627297,2.784657705
0.016691909,0.164374079,,0.262522582,0.846252569,1.012203943
0.018718596,0.044241856,,0.087599172,14.93367401,1.196234308
0.019340809,7.513345034,,0.000420888,0.414476584,2.731133811
0.015026634,0.140982974,,0.777738026,0.465050376,1.916534542
0.017446364,8.62647431,,0.001976211,188.7266945,3.176636471
0.019156228,0.490719519,,0.00140983,0.126619327,0.987258644
0.016775351,1.865663579,,0.010019207,54.01321148,3.152507931
0.018126826,3.02575203,,0.014371431,0.685225211,1.103051385
0.016883477,0.632169201,,0.002366828,3.927956474,1.569712122
0.015858675,2.077303726,,0.839782203,355.4948662,1.52467315
0.015013671,0.056342139,,0.051780551,0.372248823,2.856997948
0.018470746,0.043567904,,0.002006781,0.107357733,2.459730064
0.016006876,0.565587757,,0.019686416,8.39782203,0.910985502
0.018929793,5.877148532,,0.000184431,0.221734532,1.681210067
0.01890621,1.300668632,,0.02085291,0.865964323,0.638385594
0.016094609,4.597269885,,0.001086009,12.56512076,2.318995467
0.017612779,8.998428427,,0.669627581,1.545847567,1.746540382
0.017553765,0.051384642,,0.00195359,8.726364175,1.834643815
0.016739997,0.504080619,,0.042739883,0.667062715,2.133910991
0.016640766,0.162492505,,0.005899746,88.95424269,0.872665096
0.015663707,1.557758035,,0.033304276,1656.405511,0.548095806
0.015029516,0.115478198,,0.001499109,3.108135903,3.051460679
0.016818841,1.16815373,,0.017478333,88.2741071,1.873193582
0.017069059,0.292303041,,0.249746839,29.45551814,2.734922592
0.019681321,1.606324685,,0.000120921,632.1692009,1.162717005
0.019865245,1.285780002,,0.632169201,0.333042762,0.847626149
0.017587463,1.999094542,,0.00038533,2.707073204,1.330990247
0.016902917,0.358233888,,0.000641948,13.83035518,3.223214052
0.015338186,8.963961859,,0.201449719,6.931597451,0.754974593
0.018458351,5.298667488,,0.00041607,5.319040944,0.755498083
0.017914277,0.168202843,,0.001612501,2.286476103,1.187971314
0.017439673,0.862647431,,0.002676086,0.24688801,0.829607016
0.017324661,0.762956891,,0.141525055,3.823842537,0.705393409
0.019711542,0.886135224,,0.209330896,1.137190789,0.611108308
0.018377109,0.104512122,,1.141563305,0.133608268,1.20957481
0.015784333,1.186223891,,0.115478198,245.9423584,1.282981173
0.018138998,0.731419722,,0.000316835,0.204565944,2.425866234
0.016780177,0.331767113,,3.582338881,1.44266889,0.95627668
0.016834977,0.216687238,,0.000221735,4.75882791,0.776738025
0.01862013,0.091727594,,0.000144267,15.34028165,0.687532587
0.01684305,0.751334503,,0.620154644,4.650503762,0.533108097
0.016011482,0.986658057,,2.738419634,4.225064403,0.656788149
0.019099367,2.166872377,,1.227910369,1.795422513,0.659525342
0.017879952,0.720277751,,0.000405042,0.143714305,2.638101367
0.017929744,0.183724328,,0.254585306,3.80919612,3.754185662
0.015807054,4.75882791,,0.01154782,3.708230031,1.680045144
0.015110443,0.875991718,,0.000629748,0.953161883,1.19126964
0.015701303,4.668385018,,5.832212419,6.130557921,1.927191586
0.015225349,0.076589047,,0.001388353,2.555641901,2.823530078
0.016949988,5.945202704,,0.000330496,4290.421892,0.549617559
0.019886211,1.029200527,,0.066196242,4.704354057,2.084209065
0.015045378,5.56971962,,1.844307504,11.11305166,1.267073312
0.015695282,1.916461063,,0.013883533,2.183567726,0.54129989
0.01940397,6.394893753,,0.271748194,3.120086732,1.193749393
0.015054037,0.263531985,,0.000222587,0.786743808,3.908188356
0.018424751,0.606038201,,0.001098584,511.8782384,0.502954571
0.017738207,0.319276289,,0.331767113,0.283465363,3.346145084
0.016759272,6.44416522,,0.000589975,176.1299993,1.096191612
0.017041256,0.169498815,,0.215030468,7.484566763,2.327046436
0.019405831,3.084371394,,0.001132835,13.05669723,1.861544366
0.01855952,0.690504744,,6.958249547,2.615170448,0.616212563
0.016117776,6.958249547,,0.000208529,1.768072218,2.108913614
0.018486694,3.651741273,,0.001320789,50.99175976,2.221447429
0.019194844,0.498310456,,4.945004221,3.330427623,0.724220038
0.017118234,0.096050582,,0.113719079,54.84874144,2.904923155
0.015773741,1.013522358,,0.018162125,1.163679365,1.222216616
0.01561272,0.090677596,,0.087263642,14.04429684,2.186313065
0.017633059,1.551791374,,8.112723354,7.258273574,0.529058808
0.017362914,0.391291127,,0.000949511,59.22430869,3.381117141
0.01874554,5.158221651,,0.025458531,515.8221651,0.947698461
0.0180973,0.24688801,,0.78072844,8.861352237,0.630033305
0.015282396,8.82741071,,0.042576177,517.805509,1.898026322
0.015674224,0.789768849,,0.695824955,592.2430869,0.940500099
0.015074261,1.009640276,,0.12710618,36.09940136,1.512043872
0.015049707,0.474060023,,8.143916897,2330.773115,0.68136512
0.018595149,2.834653633,,1.656405511,100.9640276,0.880564141
0.019827183,1.600171999,,4.306918629,10.77705254,0.71276579
0.016524683,9.94260074,,0.017885455,956.826805,0.891619454
0.01587389,0.949510999,,0.000263532,90.3302752,1.027045431
0.017685555,0.116367937,,2.20039171,11.24173474,0.975017488
0.015615714,2.934269504,,0.011415633,338.1945983,1.924521782
0.017861102,7.688353322,,0.002867477,0.26556245,0.565461224
0.01862906,1.594042881,,0.11726453,2.077303726,2.999038411
0.019181963,2.780780227,,0.017954225,11.63679365,1.287435361
0.015578323,0.234873129,,0.01557758,0.295687751,2.233799966
0.017832009,3.217362533,,0.45621196,6.878599123,0.908463213
0.016567523,2.545853058,,0.664507673,0.783730353,2.596377214
0.018304998,0.034474661,,0.000596806,0.649381632,0.842354841
0.018118137,2.421958329,,3.292304533,138.3035518,0.552673751
0.019318566,2.536101709,,0.720277751,6297.478111,0.914148215
0.016036067,1.858517551,,0.009314653,80.50694251,2.488885739
0.015825254,1.894523514,,0.004777126,0.580987337,0.845279285
0.015944066,0.102133136,,0.023850638,75.42233958,1.175683719
0.019137868,0.057654516,,0.113283502,26.25225818,1.351442378
0.015007913,7.093055097,,2.459423584,0.56776245,0.785944857
0.017188966,1.688495859,,0.000239423,10.09640276,3.454555284
0.018156401,0.102525839,,0.544293732,1.199959716,0.988628225
0.016412557,0.42250644,,0.000398872,0.177487048,0.596461118
0.01733297,0.178854553,,0.002085291,33.56087949,1.636371142
0.019585303,7.258273574,,0.000131573,81.43916897,0.658155322
0.015111892,5.079644666,,1.266193268,2545.853058,0.727238257
0.01618127,5.922430869,,2.676085593,275.9518649,2.980387671
0.019093873,7.777380258,,0.004065993,3.43426128,2.189346041
0.017898823,0.998083019,,0.982878873,0.152229913,1.120000984
0.017175784,0.427398834,,0.00971628,0.388299353,3.135075094
0.016575469,1.102808234,,0.00263532,589.9746256,0.862442393
0.015751069,8.081649291,,4.273988343,23.66827827,0.505050656
0.017597585,1.415250553,,0.001290724,2.7279307,3.034586616
0.018541731,2.468880105,,0.056342139,25.55641901,3.641417097
0.015051151,0.094225113,,0.000358234,0.403490518,2.087100396
0.015529103,0.472244237,,0.1600172,629.7478111,0.559224704
0.015671219,0.214206839,,0.013936915,67.7381503,1.696427764
0.015319077,0.956826805,,0.006670627,0.180232594,1.593832477
0.019313009,2.440619068,,0.001057223,3.514255501,0.575744249
0.016032992,0.139369155,,0.811272335,13.00668632,1.683542335
0.015740499,0.187283708,,0.003868121,79.58538716,1.309031669
0.017422957,1.037130326,,0.002575333,14.15250553,1.262689571
0.018442428,0.445827308,,0.007571234,2.20039171,2.074120913
0.019694537,0.078674381,,0.000111131,41.92759967,2.74061562
0.018706035,0.817523038,,0.036657823,207.7303726,2.263413229
0.018586236,0.044411966,,0.037224882,0.233973497,0.726230789
0.018571983,0.0615413,,0.29006812,14.70618415,0.770304095
0.017607713,2.431270795,,0.000679986,1.154781985,1.450449433
0.019964551,6.569011165,,2.11754834,3.037386092,1.921855677
0.015901313,0.080198578,,3.694026444,0.157579602,1.280316061
0.019817679,0.223442955,,0.475882791,177.4870482,0.782140665
0.01850443,0.131069004,,0.000712033,6.154130009,0.567817808
0.019180124,3.27969406,,0.094225113,0.119536353,0.775661984
0.019316713,0.40973211,,0.0654385,205.3525026,1.839737586
0.016371688,2.234429552,,0.01600172,1.177154137,0.523949619
0.015267748,0.488839923,,0.109018449,953.1618832,0.718719134
0.016738392,0.086929397,,0.975363876,31.4412642,1.694077646
0.017060877,1.675585782,,0.395822065,22.08852249,2.473407591
0.015135096,5.991009386,,1.983809657,55.48385993,0.793058942
0.018220935,0.112849594,,0.107770525,2.295267638,0.854113676
0.018957042,0.343426128,,0.000286748,94.58740991,2.807916433
0.019022598,0.180925591,,2.545853058,7.958538716,1.225610022
0.016348156,6.177792731,,0.012956867,0.111130517,1.89145965
0.016447219,9.24343376,,7.286181745,3.751169311,2.399111152
0.015802507,0.656901116,,0.002166872,9.495109992,2.52013322
0.017505017,0.846252569,,0.003072557,0.131069004,0.509975555
0.016546883,4.113075359,,0.040973211,0.400405468,2.045565877
0.017243447,0.034080032,,0.070658867,1.107048548,2.139835658
0.016764094,9.422511294,,0.012661933,128.5780002,1.695252298
0.019846205,0.046505038,,0.000160632,2.878502869,0.842938919
0.019474807,5.968062098,,0.466838502,406.5993375,0.813661143
0.015517195,0.100577306,,0.020456594,17.27825981,0.78051594
0.018031474,2.595175106,,0.000355495,286.7477376,2.226071605
0.015234111,0.052380141,,0.039582206,3.838545268,3.087630256
0.015942538,0.548487414,,0.003408003,1404.429684,0.861247622
0.018756329,1.336082677,,0.001393692,9.86658057,2.348110008
0.018015919,5.118782384,,7.398891635,0.429042189,1.099997313
0.018363016,0.090330275,,0.096419898,1.823195891,3.130731968
0.016505679,0.801985778,,0.000820666,1.923829884,3.218748824
0.015928784,0.896396186,,4.08162718,181.6212526,1.675393522
0.017639824,0.833361309,,0.348738584,42.08881192,0.683256886
0.018552403,0.131572967,,0.131069004,1.081849047,0.749240089
0.017516771,0.347402815,,0.006083684,2.11754834,0.604787405
0.019970295,1.094376268,,0.000194611,16.94988151,0.652703644
0.017629677,4.004054683,,0.000942251,82.3821901,1.964960076
0.018984329,0.174783326,,0.049640178,8.895424269,0.998268633
0.017459753,2.791472369,,0.000463269,95.31618832,3.957254908
0.019439356,0.313208351,,0.000709306,1.209205183,1.545956794
0.015541021,0.334323317,,0.132078867,4.98310456,0.851158668
0.01577828,2.125690345,,0.506018817,151.646829,0.764983216
0.016175065,0.979114164,,0.00949511,1781.694886,0.974341891
0.016749632,0.856051712,,0.7120328,1991.437435,0.685153905
0.018477832,0.233973497,,0.147627297,45.27238074,3.586309503
0.015950183,0.118622389,,0.000509918,0.164374079,2.959800629
0.017342945,0.394305953,,0.040194503,55.91135276,3.803954527
0.018493786,0.757123396,,0.11415633,22.43020967,1.055919608
0.017131371,0.629747811,,0.015106598,239.4234402,0.781057139
0.016234114,0.09458741,,0.757123396,38.68120546,0.531263683
0.018625488,0.296824674,,1.346376946,10.61288195,3.71535483
0.018522183,0.236682783,,5.809873369,1.656405511,1.325466309
0.017964165,5.548385993,,0.552713408,0.679986045,3.748984862
0.016039143,0.054638655,,0.041130754,1.594042881,0.645057647
0.019836692,0.882741071,,0.000132079,16.62774415,1.903296071
0.016643958,0.12421289,,0.472244237,42.41309839,1.16191135
0.016762486,0.099808302,,0.000342111,0.210135777,1.963598541
0.019446814,0.08397822,,0.000327969,1.261343383,3.889271637
0.019758854,3.897923696,,0.634599901,1.336082677,2.706634348
0.015323485,4.08162718,,0.000442419,23.57762196,0.814789899
0.016592963,0.22864761,,0.001025258,348.7385841,0.619639062
0.015948654,6.34599901,,8.050694251,0.538063253,1.015014263
0.019152555,0.872636418,,1.021331359,100.5773063,2.849087639
0.016613661,0.215030468,,1.199959716,0.964198978,0.700035505
0.016985785,8.23821901,,0.001145953,252.638771,2.929186395
0.016235671,3.049064887,,0.295687751,8.659643234,0.870852325
0.019112192,0.047954938,,0.052986675,11.02808234,1.54488559
0.015890643,0.178169489,,0.000156976,0.57433683,1.24444287
0.017361249,0.158185498,,0.058771485,1.404429684,0.999653486
0.01690778,3.487385841,,0.000280221,52.38014142,0.864836909
0.017323,9.791141644,,0.783730353,1.894523514,1.724884786
0.015502322,6.27335696,,0.049260634,0.352776787,2.532390696
0.018014191,0.601404491,,2.900681199,113.2835021,1.09467302
0.018276934,0.060836843,,0.207730373,0.674786937,1.956805006
0.016799498,3.343233167,,0.010491397,68.78599123,1.391364098
0.019842399,0.163744479,,0.0041767,6.958249547,1.421584642
0.016867295,0.047771257,,0.006130558,17.0804772,3.480995623
0.018886277,0.122320712,,0.002243021,0.757123396,2.128002728
0.018752732,0.078373035,,0.151065978,0.366578227,3.23440424
0.01980438,0.073705518,,0.181621253,0.226899393,3.040903427
0.017599273,0.097536388,,4.176700491,4.888399226,1.296390182
0.018711417,0.082698951,,1.72120791,3.381945983,2.733027545
0.015922676,0.081439169,,0.000513846,5.138464179,2.375942628
0.017397914,1.953589594,,0.231295225,38.0919612,1.410786817
0.01658819,0.754223396,,0.085605171,0.158185498,2.390810858
0.019242761,3.304963494,,0.039279565,0.494500422,0.779434664
0.01523119,0.231295225,,0.651878514,2.696704335,1.651182974
0.015375002,6.670627149,,0.284555292,56.55877571,0.740976657
0.019068257,0.385330453,,0.346072162,0.254585306,2.03566477
0.019575915,0.064194822,,0.058997463,11.77154137,2.215296799
0.016111595,0.903302752,,0.00017613,0.641948222,3.55906924
0.01573748,2.497468389,,0.008895424,6.107076122,3.163452646
0.016735182,2.101357769,,0.00063704,114.1563305,0.826736794
0.019441221,0.515822165,,0.001437143,11.41563305,0.732296599
0.015137999,0.333042762,,8.726364175,1.102808234,3.070556181
0.018938872,7.484566763,,0.067220231,108.1849047,2.371007128
0.019899564,2.295267638,,0.060836843,306.0788587,1.356134246
0.01512494,0.307255737,,0.06060382,0.386812055,3.490660384
0.018467204,3.381945983,,0.005991009,0.170804772,1.130138823
0.015988467,0.892962731,,0.148764737,0.101741937,2.497526525
0.018205217,0.945874099,,0.008963962,73.70551753,1.013608129
0.016422003,0.070930551,,0.000170151,0.3988718,2.684214566
0.019062772,0.217520403,,0.002069347,0.542208931,1.292800804
0.01769743,5.099175976,,0.00022603,0.155775803,0.653156221
0.017077245,1.470618415,,0.004983105,15.1065978,3.583824524
0.016304319,0.110704855,,0.283465363,37.80071373,0.876301966
0.016020697,6.543849964,,0.033689922,3.254617835,2.199994627
0.016807555,1.931227039,,0.007958539,0.358233888,0.590291716
0.016470894,1.837243276,,0.408162718,139.3691549,3.916323661
0.019557151,2.069347055,,9.172759354,1.172645298,1.571889714
0.017762037,0.615413001,,0.000261517,4004.054683,0.649094303
0.015648693,0.693159745,,0.005079645,32.42151713,2.676782651
0.016338752,0.12469049,,0.007230472,1.305669723,0.856485068
0.019932031,1.830206106,,1.145952633,25.65468383,1.77953462
0.019095704,1.132835021,,0.049450042,226.0303027,1.366513772
0.018749136,1.232631703,,0.000372249,183.7243276,0.919868793
0.018384159,1.476272965,,0.203001852,0.322973334,1.268831066
0.019114025,1.788545529,,0.066450767,46.50503762,2.892867007
0.019257529,5.677624505,,0.823821901,1.077705254,1.122332384
0.015680238,0.405041945,,0.71751888,34.08003248,3.471357621
0.018326074,2.183567726,,5.442937323,290.0681199,1.319050683
0.01711331,0.264545269,,0.101741937,297.9659697,1.037060457
0.017724604,2.225871045,,0.334323317,0.805069425,0.546957257
0.019454275,9.531618832,,0.22864761,0.131572967,0.521413557
0.018254164,9.458740991,,1.528152396,1837.243276,0.734329773
0.016833362,7.897688494,,0.356861749,16.12501027,0.514591667
0.01685921,0.206934706,,0.009278975,24.12681533,3.659128296
0.016868913,0.419275997,,5.079644666,5.021498454,1.559950229
0.016445642,4.323478796,,0.003853305,37.08230031,0.949013161
0.017463102,0.28237961,,0.54638655,435.6790396,0.648195091
0.017036354,6.852252111,,0.000115922,0.111986757,1.687046805
0.019745595,9.03302752,,0.000703882,35.14255501,0.708824315
0.015488948,9.641989777,,0.034740282,490.7195194,2.110375908
0.017950389,0.168849586,,0.002260303,1.300668632,1.143534586
0.01530733,0.087599172,,0.70930551,4.273988343,0.628288901
0.017600961,0.771791516,,0.098665806,2.717481941,2.475122621
0.019463605,1.44266889,,0.090330275,1.858517551,3.593774783
0.017366244,7.120328,,0.000129072,654.3849964,1.634104221
0.019645495,5.138464179,,1.001920663,0.112417347,2.87686994
0.01765844,2.286476103,,0.100192066,5.360023165,2.583810026
0.015575336,0.649381632,,4.323478796,19.76211096,2.539421716
0.018536398,0.327969406,,0.268637518,8.143916897,2.612624884
0.018048773,0.03381946,,0.250707119,0.424130984,1.960878302
0.017780783,0.181621253,,0.000365174,87.59917176,1.163523218
0.015683245,2.109437521,,0.225164542,5.060188166,2.317388619
0.018112926,0.096790634,,0.365174127,5.527134079,3.626304317
0.015344071,0.159404288,,0.021094375,0.444119661,0.935299292
0.015286793,0.106536886,,5.612633275,61.07076122,0.618351898
0.016817228,0.186566358,,0.617779273,61.54130009,2.218369982
0.016288692,0.089296273,,0.000682601,16.37444794,0.95561407
0.018944321,1.367204041,,0.006878599,0.245942358,2.122110823
0.019637961,0.701186157,,0.002200392,0.682600602,1.684709682
0.016215444,0.046149465,,0.013412199,0.550596357,0.977047089
0.01559626,4.306918629,,0.00011285,17.2120791,3.466548632
0.01856308,0.468633503,,0.336899216,14.09829737,1.080350916
0.018646933,0.517805509,,0.097536388,0.634599901,1.174055004
0.015769204,2.022242965,,0.000302575,8.462525688,2.282318286
0.017033087,2.00678109,,0.000242196,124.2128901,0.948355583
0.015136548,1.137190789,,0.007717915,83.01692956,2.839230544
0.018841055,5.19796479,,0.028564941,172.120791,1.314487115
0.019215102,0.459726989,,0.078674381,22.60303027,0.50260607
0.019229848,2.03001852,,0.005158222,198.3809657,2.601781846
0.019995206,4.065993375,,8.560517117,0.583221242,2.463142339
0.015963955,0.450989745,,0.388299353,0.153402816,2.113303539
0.018444197,5.854637363,,0.062974781,0.201449719,3.495502823
0.015305862,0.29796597,,0.00906776,0.754223396,3.192087061
0.019437492,0.039129113,,1.409829737,3.897923696,2.105992064
0.01703472,0.133608268,,0.213386366,0.587714853,1.386550344
0.018403562,0.682600602,,0.039430595,119.078494,3.003198844
0.016516762,3.14412642,,0.010985842,583.2212419,1.219677729
0.017359584,0.416070253,,0.000255564,2.478372986,3.646468673
0.017653361,0.055271341,,0.057654516,8.692939692,3.327641466
0.017253371,0.045621196,,5.677624505,8.365655958,3.859730187
0.01516706,0.07120328,,0.067998605,35.96113027,1.081849639
0.017890243,8.39782203,,0.038385453,2655.6245,1.37316025
0.015448897,0.058322124,,0.792805522,0.108600877,0.677127773
0.016474053,0.798913942,,0.000525815,37.51169311,1.887530557
0.019598454,0.106946522,,0.134637695,0.27489489,2.821573634
0.018002103,1.261343383,,1.330965097,34.47466066,0.501909793
0.015294125,0.107357733,,0.139369155,19.53589594,2.339986165
0.018294469,0.059680621,,0.002900681,0.617779273,3.300077716
0.015407472,3.596113027,,0.001721208,25.2638771,3.30924017
0.018817582,1.209205183,,6.249328199,0.935046768,3.71793101
0.01636384,0.06037169,,0.233973497,0.324215171,0.583376833
0.01633092,4.777125675,,0.000569946,2.277718242,3.905480345
0.01900801,6.154130009,,0.00370823,2109.437521,1.281203816
0.016958117,0.348738584,,0.000301416,0.23850638,0.637059487
0.015030958,3.882993528,,6.130557921,0.569945506,2.582019686
0.019551526,6.493816316,,0.00938642,2.03001852,1.810640337
0.018833829,0.852772788,,0.000212569,3.958220648,0.804129633
0.015372053,2.802205622,,0.008333613,429.0421892,0.665033997
0.019082891,2.478372986,,0.144821597,0.215857263,0.804687206
0.015884549,0.375116931,,0.000171462,78.67438077,3.318428064
0.019527168,2.911834361,,2.748948899,0.263531985,0.937246215
0.015355847,1.172645298,,0.241268153,0.466838502,2.014609189
0.018698861,5.612633275,,0.115922214,6645.076729,0.666880422
0.015816151,5.527134079,,0.011155782,31.32083512,0.961594134
0.018392976,1.727825981,,0.070930551,21.75204034,3.591284631
0.016976015,0.507964467,,0.008462526,0.529866749,0.843523403
0.018589801,0.093864204,,0.008793599,44.07239651,3.522256564
0.017673687,1.487647374,,0.771791516,285.6494113,1.427509157
0.019542154,0.119078494,,0.00019611,19.61101175,1.462564247
0.016682308,1.325867118,,0.000138835,0.231295225,1.142742223
0.01605761,0.536002317,,1.781694886,2.412681533,2.900898866
0.015910465,0.14261548,,1.575796023,0.281298014,0.92562517
0.016263719,3.554948662,,0.079585387,3.192762888,1.258320997
0.017454731,0.049260634,,8.33361309,45.0989745,3.409357769
0.016855976,0.41288902,,0.02225871,1.701505406,3.259159595
0.018643357,1.662774415,,0.074558987,0.109437627,0.649544377
0.017808085,0.066706271,,9.137625049,0.166277441,0.927551956
0.01576618,0.492606343,,0.001168154,1315.729665,0.710792321
0.019183803,3.765592613,,3.368992157,1.612501027,0.680421201
0.019071914,0.836565596,,0.533949274,698.5004121,1.159497734
0.017283177,0.783730353,,0.003765593,16.24925048,1.592728099
0.017013498,0.266583542,,0.000314413,0.118622389,2.809863407
0.018405326,3.447466066,,0.000107771,0.316835133,0.628724549
0.015748048,1.069465223,,0.112849594,1.631172909,3.064177773
0.019751276,0.052783721,,0.000540132,0.507964467,1.969050347
0.015692272,0.057876199,,3.722488231,1.320788666,2.181771479
0.017506696,6.083684265,,0.032671319,0.11726453,1.853818497
0.019015303,0.466838502,,2.03001852,34.21107072,2.970076313
0.017746714,0.188003817,,0.007370552,31.92762888,0.738413073
0.0153809,0.125651208,,0.324215171,2.037823972,1.168372251
0.015248727,0.259517511,,0.030026174,0.196864164,1.402985404
0.018731165,7.658904719,,1.563747638,18.87266945,1.800627802
0.016359133,9.350467678,,0.971627952,199.9094542,3.796052644
0.01949723,0.304906489,,0.006826006,5.677624505,0.569394317
0.016393682,5.442937323,,8.430111782,0.138835331,1.948683782
0.015278,4.160702527,,0.000430692,0.222587104,2.550004866
0.017083797,1.816212526,,0.513846418,506.0188166,1.178947929
0.018545288,0.728618175,,0.511878238,5.922430869,0.90909313
0.019017126,0.241268153,,0.019535896,94.95109992,1.005909142
0.019907199,0.953161883,,0.00654385,792.8055225,0.800237421
0.015742009,3.62382041,,5.699455056,0.118168031,0.608572058
0.016838206,0.486967525,,0.007513345,1.747833262,0.528692219
0.015326424,0.352776787,,1.953589594,2.468880105,0.99896082
0.019121358,1.341219935,,0.014098297,4.907195194,3.689691
0.015104648,0.27279307,,0.001901808,44.58273081,2.449521577
0.01819998,0.745589872,,0.583221242,3.180533688,0.889150784
0.019478542,4.03490518,,2.889570756,0.425761774,0.990686158
0.01952904,1.383035518,,0.016187011,8.050694251,1.300890923
0.018419452,1.70804772,,0.174113856,0.166916781,0.906576079
0.0153426,8.692939692,,0.008827411,6.619624175,0.530160099
0.017228571,6.826006015,,0.001061288,2.142068394,1.286543288
0.017965887,2.321845584,,0.010777053,1393.691549,1.039939788
0.015933367,0.417670049,,0.017344695,7.513345034,1.261814645
0.015951713,0.271748194,,0.29342695,202.2242965,0.817618644
0.018410622,0.200678109,,0.292303041,378.0071373,0.579748867
0.018059161,0.061070761,,9.458740991,0.486967525,2.506197309
0.019508451,0.706588666,,1.361967256,1.372460961,3.334568302
0.01526043,0.226030303,,0.00046505,0.395822065,0.664573191
0.015734463,3.180533688,,0.158185498,101.3522358,3.212062578
0.016434606,1.256512076,,0.000583221,2.217345319,2.082764902
0.018333105,1.295686698,,0.022689939,134.1219935,0.724722203
0.017409596,0.062015464,,0.765890472,19.23829884,0.698097282
0.018797743,1.420692213,,0.001090184,0.325461783,0.607728982
0.019287098,0.045446454,,0.001999095,0.151065978,0.774587433
0.016873766,8.33361309,,0.286747738,235.7762196,1.620568496
0.015887596,1.51646829,,0.000199909,2277.718242,0.799682931
0.01696137,0.17344695,,0.849506423,2.321845584,0.56663829
0.01680272,0.437354232,,2.791472369,15.87937238,2.716031101
0.017515092,2.366827827,,1.923829884,29.79659697,1.164329991
0.016920756,2.459423584,,0.001887267,4.492623247,1.985496751
0.015333775,0.960505818,,0.360994014,28.89570756,3.651527258
0.016252806,0.072304723,,0.007038822,32.7969406,1.275002433
0.016237228,0.654384996,,0.000859343,12.09205183,2.990734827
0.017105107,0.646894313,,0.065187851,43.56790396,2.104532808
0.016623222,0.1650061,,0.001204574,16.69167807,1.233279674
0.016938614,2.889570756,,2.507071193,187.2837083,2.765422669
0.016167311,0.54638655,,0.296824674,50.79644666,1.409809273
0.016620034,0.849506423,,0.14933674,2.061420861,2.055515143
0.017314696,3.01416253,,0.000115478,10.90184492,0.512811315
0.015012231,1.154781985,,0.599100939,2014.497193,0.892856358
0.016733578,3.072557365,,0.166277441,0.363775405,1.243580586
0.018915277,1.781694886,,0.109858416,184.4307504,0.907204688
0.018593366,5.040806191,,0.216687238,277.0129039,0.688486371
0.015892167,7.837303527,,0.000103316,0.419275997,1.933882311
0.015058369,0.098665806,,1.816212526,43.90358656,2.592780364
0.017146163,0.35142555,,0.118622389,206.9347055,0.848802023
0.019636078,5.319040944,,0.004340103,0.737055175,0.725727578
0.01831729,0.608368426,,0.035277679,0.369402644,0.578544565
0.019101199,0.483244218,,0.009791142,0.703882228,0.768703957
0.019876678,1.459374208,,0.005877149,5527.134079,0.5538242
0.017065785,0.253610171,,0.101352236,48.69675252,1.313576297
0.018686313,6.518785137,,0.507964467,17.61299993,1.808131996
0.018826606,9.172759354,,0.001271062,481.393254,2.291829946
0.017151096,2.516710919,,1.901807986,3.765592613,0.746647915
0.015945595,0.035823389,,0.001837243,5.298667488,2.794325337
0.017137944,0.395822065,,0.003487386,273.8419634,0.778354887
0.016688708,0.218356773,,0.000104112,0.230409298,0.898443696
0.015389752,0.153402816,,0.001013522,0.565587757,3.170037705
0.018677356,4.458273081,,0.569945506,22.25871045,1.301792944
0.016557994,0.247837299,,0.000728618,1.650061001,0.553440451
0.01721701,1.569760271,,0.808164929,1.534028165,0.731282123
0.016410984,5.17805509,,0.00078373,1.741138559,1.378882955
0.017414605,0.171461519,,0.172782598,3.527767866,2.260277646
0.015898264,1.754553708,,0.003447466,2.802205622,0.568211525
0.017845694,0.315621563,,0.000546387,29.11834361,1.995153851
0.01682852,1.065368864,,0.001539927,0.913762505,0.679007775
0.016496185,8.365655958,,9.791141644,3.487385841,0.857078944
0.016420429,0.734232042,,0.063948938,519.796479,0.911617168
0.019081061,0.447541521,,0.034211071,7.038822279,1.112264572
0.016313703,0.111986757,,0.326713189,80.19857778,0.904065998
0.017085435,0.56776245,,0.00292303,16.06324685,0.976370086
0.017200508,0.158793724,,0.001727826,1.865663579,1.255707111
0.01916174,0.362382041,,0.001872837,8.793599189,0.787035164
0.017958997,1.747833262,,0.000283465,77.47590655,0.865436576
0.017426299,0.199143743,,2.565468383,76.88353322,3.862406476
0.018194745,0.080506943,,0.998083019,40.04054683,0.735348476
0.018900772,0.286747738,,0.000258523,3.01416253,0.763394131
0.015269212,0.148194926,,0.000344747,8.82741071,2.136871271
0.018531066,4.225064403,,0.892962731,2889.570756,0.845865391
0.018319046,7.2304723,,0.002109438,2.312952248,1.621692178
0.016634384,2.450003285,,0.156976027,6.44416522,0.642825917
0.016137881,6.747869371,,0.000789769,1049.139729,0.905947906
0.019417,0.128578,,0.002117548,1.057223156,0.612805011
0.019702093,4.926063433,,0.342110707,1.575796023,1.676555218
0.018140738,0.196110118,,0.03988718,1.266193268,2.309371063
0.015581311,2.625225818,,6.569011165,3.156215633,0.847038823
0.015087277,2.357762196,,0.128578,15.63747638,0.54092482
0.017675382,0.051582217,,7.484566763,10.37130326,0.514948478
0.019415138,0.072861817,,0.00041767,66.45076729,0.564677871
0.018313777,0.038091961,,0.004509897,22.34429552,2.686075767
0.018151178,0.051187824,,0.043401026,29.68246743,1.146709536
0.017775668,4.964017837,,2.00678109,10.17419366,0.527228403
0.019348229,0.329230453,,0.439035866,51.58221651,2.054090862
0.019791091,1.119867566,,0.136196726,2856.494113,0.543179147
0.018273429,4.176700491,,0.079280552,292.3030408,1.139578257
0.017580718,0.677381503,,4.650503762,0.924343376,2.610814578
0.01719721,0.040504195,,0.000982879,0.92789749,0.542050811
0.019165416,1.481949257,,0.000172783,0.811272335,2.908953026
0.018361255,0.3988718,,1.119867566,10.13522358,3.418823632
0.01575409,0.287850287,,0.291183436,1.976211096,3.013625195
0.016396826,6.878599123,,0.403490518,149.3367401,3.830413123
0.018009009,0.101741937,,0.00044412,0.659426911,3.566477816
0.015191805,1.734469497,,0.09458741,0.982878873,1.294594249
0.016073016,0.115035884,,2.175204034,0.450989745,3.353110437
0.015180155,0.336899216,,0.001045121,0.312008673,2.878864726
0.019004365,5.021498454,,0.042413098,23.75928315,0.809161734
0.019987538,5.721369547,,0.994260074,0.137246096,0.805803513
0.017369575,4.241309839,,0.06826006,8.998428427,0.598117154
0.016451951,1.159222139,,0.002101358,0.135155379,2.306171813
0.018788732,0.610707612,,0.24312708,23.12952248,0.735858358
0.017796135,0.620154644,,0.010135224,0.139905031,3.788167176
0.018227926,6.931597451,,4.257617739,486.9675252,2.352997846
0.016773742,6.77381503,,0.000167559,0.672202309,1.124668637
0.015440011,0.725827357,,0.000116815,0.882741071,0.669659675
0.017481532,0.27489489,,1.404429684,0.116815373,2.222987753
0.018627274,0.070658867,,0.092789749,1.218521884,0.91923141
0.018516855,0.099426007,,0.953161883,0.339494962,1.215457965
0.019298198,1.946106784,,0.00128578,247.8372986,2.002080523
0.016515178,0.166277441,,0.175455371,3.096230849,2.717914363
0.01669511,7.571233961,,5.217951042,2.812980144,0.87812608
0.019381655,1.522299133,,0.938642037,1.557758035,0.993436735
0.016714333,3.722488231,,0.0615413,12.90723845,1.966322554
0.015763157,4.832442183,,0.00018514,213.3863656,2.972135727
0.019346374,0.170150541,,0.127594905,1.246904905,0.837116315
0.018336621,1.399050314,,0.000160017,1.761299993,3.897367565
0.015238495,9.278974901,,2.061420861,6130.557921,0.710299808
0.015059813,0.268637518,,0.003132084,0.103315782,0.913514795
0.017394578,0.203001852,,1.013522358,363.7754054,0.691355667
0.015764668,0.065690112,,0.001102808,1.256512076,2.951605686
0.019715322,4.097321098,,0.275951865,1081.849047,0.671053642
0.017990023,5.401321148,,0.146498552,0.108184905,2.513155605
0.015445934,8.019857778,,0.672202309,0.795853872,1.878394384
0.016192136,0.097911416,,0.002375928,30.37386092,1.32730507
0.019626665,3.780071373,,0.064938163,0.287850287,3.790793844
0.017391242,0.506018817,,0.494500422,14.87647374,1.603806399
0.015469651,0.163117291,,0.099808302,41.28890196,0.613655128
0.018866366,0.092434338,,0.000627336,27.279307,1.317223358
0.01687053,0.12956867,,0.031200867,0.262522582,2.025811586
0.018062625,0.058546374,,0.020144972,5.380632535,0.750799711
0.015324955,0.104913973,,0.163744479,32.17362533,0.501562016
0.017791016,0.12710618,,5.360023165,1.734469497,0.517811891
0.019700203,5.832212419,,0.024974684,344.7466066,1.010101311
0.019884304,2.158572633,,1.094376268,395.8220648,0.815920221
0.017748416,0.109018449,,5.634213934,37.65592613,1.764794256
0.019239071,5.463865499,,0.044072397,296.8246743,0.760225857
0.016580238,0.367987726,,0.000400405,16.56405511,3.751584361
0.019985621,3.356087949,,1.946106784,0.531904094,0.521775099
0.018375347,0.93146527,,0.006201546,2.175204034,1.871895633
0.0186005,3.192762888,,0.000106947,0.250707119,0.689441477
0.017572291,1.115578151,,0.000846253,1606.324685,0.535701039
0.018310265,1.714615189,,3.037386092,1186.223891,1.044273782
0.01957216,2.394234402,,0.805069425,2.348731289,0.575345312
0.019353796,0.119536353,,0.007065887,86.92939692,2.304573851
0.019832888,0.201449719,,3.838545268,0.475882791,2.333507331
0.01512639,0.038385453,,0.102525839,0.302575203,1.774607536
0.018269925,9.208028751,,0.111986757,2.645452695,2.24622119
0.017023289,3.394949616,,0.457966102,634.599901,0.969625805
0.018133781,0.093504677,,0.000151647,10.45121222,1.504725159
0.016249689,1.669167807,,3.853304533,3.722488231,1.419615272
0.018709623,1.199959716,,0.654384996,39.88718003,1.858965505
0.01856486,2.045659435,,0.000376559,0.176807222,1.042104532
0.01790569,6.594269111,,0.008861352,1.119867566,1.598257651
0.018888089,0.316835133,,7.777380258,4.373542321,1.62845065
0.015823736,0.269670434,,7.258273574,0.223442955,1.157891442
0.015471135,0.113719079,,1.643740793,13.99050314,3.348465259
0.018966133,2.676085593,,0.002191964,0.917275935,0.614932516
0.01993012,4.492623247,,5.721369547,0.105317369,0.644164026
0.019448679,9.753638756,,0.00032923,0.174113856,2.283900817
0.017521811,0.161250103,,3.868120546,5.765451635,0.733820951
0.017207107,0.036099401,,0.000179542,1.470618415,1.608259265
0.018880845,0.117715414,,0.000447542,1.844307504,2.362804066
0.017464776,3.568617493,,0.000124213,130.5669723,3.263680883
0.015207839,0.78072844,,0.477712567,2555.641901,0.544309832
0.019130528,3.205039109,,0.002516711,5.278372068,0.881785709
0.016299629,3.541332187,,1.968641639,28.34653633,3.005281225
0.019677547,0.149910942,,0.017748705,0.12326317,3.128562662
0.015861717,8.143916897,,0.000319276,16.88495859,1.950034975
0.016979271,3.736801254,,0.347402815,672.2023091,1.744120841
0.017006973,0.062974781,,4.81393254,48.32442183,0.561166192
0.016556406,0.137246096,,0.047406002,0.211754834,0.711285175
0.017700825,2.348731289,,0.009137625,263.531985,0.519249562
0.018074754,9.067759646,,0.040040547,0.849506423,1.077359696
0.015036724,7.989139417,,0.03596113,0.140982974,2.817664813
0.018962496,2.175204034,,0.016374448,0.104111811,0.614506425
0.016953239,7.747590655,,0.789768849,0.862647431,2.931217456
0.017432985,0.039279565,,0.003330428,3.609940136,2.767340179
0.019246452,0.70930551,,0.6037169,572.1369547,0.703440352
0.015633694,0.089984284,,0.003096231,10.05773063,0.734838948
0.01685436,0.051780551,,3.217362533,4.57966102,0.645504921
0.017688947,2.142068394,,0.038091961,10.81849047,1.709411816
0.019261222,1.851398894,,0.091727594,620.1546437,1.161106253
0.016291816,0.356861749,,0.008626474,57.87619883,0.945074522
0.017991748,0.249746839,,2.845552919,0.43234788,3.519815968
0.01686406,1.346376946,,5.787619883,12.42128901,1.195405429
0.01508583,0.193865264,,1.086008772,0.826989509,1.76846786
0.017779078,0.15281524,,0.288957076,7.807284401,3.476173282
0.018543509,3.474028151,,0.007688353,2.304092976,1.231571169
0.016362271,8.495064226,,0.062253915,6.34599901,1.234134814
0.017406258,0.258523484,,0.000163744,5.699455056,1.757469924
0.016268399,1.983809657,,0.383854527,1.539926526,0.895335317
0.015722396,6.985004121,,0.033560879,0.601404491,3.275011562
0.018987971,0.913762505,,0.960505818,0.4851023,3.079081384
0.016927248,0.288957076,,1.320788666,4.356790396,0.601443033
0.01646142,0.599100939,,0.000103713,67.47869371,3.21651853
0.016269959,1.909120466,,0.017212079,0.326713189,0.760752988
0.017962442,1.539926526,,0.074845668,2234.429552,0.556903784
0.018047043,1.976211096,,0.014933674,2.625225818,0.656333056
0.019150718,1.081849047,,0.000720278,1865.663579,0.966941155
0.019136032,0.251671092,,2.183567726,22.0039171,0.806362247
0.018518631,7.427340485,,0.000757123,417.6700491,0.580150857
0.019392809,2.979659697,,0.93146527,85.60517117,3.694809544
0.018844668,7.807284401,,0.006037169,57.21369547,0.87448164
0.019079231,9.90451772,,0.000748457,1115.578151,0.87751762
