d1,k1,d2,k2,Kd,n,k3,,,,
0.018367762,0.314546159,0.751685083,0.001544782,20.07890043,0.827361583,0.000912726,,,0.223993924,0.296697126
0.017966137,0.196061153,0.00788763,0.013641264,32.97272726,0.50022402,0.000330725,,,0.112600268,0.158847665
0.017925709,0.118955715,0.00810425,0.005133567,22.07519573,1.084092896,0.002484252,,,0.088889088,0.115730265
0.017763665,0.079262495,0.047719801,0.000338091,43.81761959,0.803739366,0.000294954,,,0.04461066,0.070640602
0.018854928,0.073101708,0.769821904,0.006828303,37.47202361,1.553621448,0.000630887,,,0.049351345,0.072131478
0.018799036,0.045694895,4.493769951,0.008200578,30.80209647,1.604066019,0.001359215,,,0.034020193,0.045307978
0.01744792,0.176761393,4.749130025,0.030913587,66.29706178,2.188274445,0.00041832,,,0.078768053,0.175347322
0.018631375,0.217468163,0.043473299,0.011090008,50.44245914,0.56740677,0.001945214,,,0.114082278,0.174620153
0.018982123,0.067996456,3.166579642,0.000283335,28.8273683,0.645151958,0.000834866,,,0.041890714,0.059589546
0.018592697,0.47610301,0.008695713,0.000593778,10.00460228,1.456571349,0.004453798,,,0.443465425,0.47488157
0.017847308,0.168672034,0.053181891,0.003291433,28.5633032,1.518758164,0.001144772,,,0.12740339,0.167033391
0.01765234,0.427412586,1.278365807,0.000484061,156.5934561,1.743957768,0.000210744,,,0.067542083,0.389948016
0.017938548,0.091222243,0.066700628,0.029414938,16.79602578,1.923423415,0.000541695,,,0.083968386,0.091128339
0.017297141,0.067707503,0.306101794,0.000968816,24.26996778,0.513850532,0.000181496,,,0.041587346,0.056783407
0.017655115,0.101038848,0.740366589,0.000591596,42.1951813,0.623000034,0.00538779,,,0.056037284,0.084812827
0.018759682,0.156225654,0.015079819,0.004116249,55.97027676,1.281044619,0.000508183,,,0.081589014,0.149085443
0.017278424,0.262657328,0.232445105,0.010455717,64.78923687,0.784531161,0.000221017,,,0.127373715,0.223645647
0.018312994,0.058497568,0.141042528,0.00131138,10.68993608,1.630142611,0.00375791,,,0.055182176,0.058415321
0.018467144,0.18550185,0.024425082,0.000259378,12.43136454,2.529311672,0.001205648,,,0.182104033,0.18549162
0.018829263,0.146766376,0.031034875,0.003546151,42.15636932,0.58181998,0.000629368,,,0.080891748,0.12096447
0.018795425,0.396435987,0.10178505,0.012069806,40.0020981,1.689618379,0.00059687,,,0.263571298,0.392393811
0.018035609,0.338643019,0.867285178,0.000373076,2268.695607,0.545312552,0.004408416,,,0.041050903,0.11047579
0.017687518,0.390293777,4.562469311,0.002125926,17.71685453,0.914139421,0.000530392,,,0.293921416,0.375298361
0.017681032,0.152934309,0.127658621,0.000685442,18.448944,0.630674741,0.000749518,,,0.103662166,0.137623472
0.017771733,0.103801061,0.008564777,0.001293402,32.94239828,2.805468707,0.000797982,,,0.087523424,0.103770856
0.018530138,0.329163921,0.015014592,0.000500366,64.90859042,0.838554871,0.003157408,,,0.159157649,0.285012344
0.018067132,0.351874254,0.554949576,0.009713624,370.213792,0.536749718,0.003474821,,,0.096251175,0.198609095
0.01827019,0.283180769,1.074857554,0.043693849,22.38202688,2.685779873,0.000368163,,,0.264466193,0.283139461
0.018873706,0.104837645,0.038254782,0.00451302,188.0638343,0.522203974,0.002680175,,,0.037230507,0.067828897
0.018608614,0.362007353,0.960291669,0.000348516,101.7032033,1.141571697,0.000366613,,,0.128074364,0.319838799
0.018015777,0.068968571,0.021845346,0.000392084,10.0970939,2.150699133,0.001979499,,,0.06750705,0.068958019
0.017992511,0.066847988,0.00760229,0.000937246,47.68888782,1.355426652,0.0012358,,,0.038584315,0.064755477
0.017674549,0.119973211,0.737963458,0.009554049,86.49580768,0.503370861,0.000180515,,,0.054480126,0.087113049
0.017212169,0.234128038,0.011108935,0.000569691,28.3537938,1.808125956,0.000494591,,,0.186132158,0.233192694
0.01809397,0.108779267,1.707336343,0.000697532,87.94048944,2.149415004,0.001355943,,,0.033220231,0.107053158
0.01908383,0.480175389,0.27347531,0.000265659,23.1998952,1.115288507,0.000985302,,,0.35659819,0.467745135
0.019051863,0.125548671,0.015410231,0.002356729,19.98672527,1.851289503,0.000909432,,,0.11103916,0.125318049
0.017660049,0.104096177,0.246186895,0.000684811,11.53842714,2.736787031,0.000965324,,,0.102966012,0.104094082
0.018533051,0.069954584,0.032060445,0.001803058,32.01591047,1.170220276,0.000186147,,,0.047282853,0.067759109
0.017907562,0.149287866,4.229162321,0.00179148,69.738949,2.571197287,0.00033413,,,0.060387105,0.148700274
0.017539262,0.125905619,4.703034851,0.001167809,12.65063364,0.543524197,0.000229844,,,0.088101461,0.112140083
0.018510732,0.429236645,0.189394463,0.001862077,13.24631603,1.1853439,0.00130623,,,0.367856696,0.424612866
0.018928167,0.198864151,0.634079414,0.000465281,30.4358013,1.259423579,0.000720734,,,0.139517828,0.194315855
0.018571604,0.37402168,0.072270013,0.000201756,21.12131934,0.525960073,0.002101155,,,0.237105366,0.319128398
0.017951083,0.363552283,0.053297284,0.002238355,71.625133,0.799430633,0.002410535,,,0.168929629,0.307356981
0.018115153,0.058166352,0.015645818,0.001821402,22.96623475,0.745920033,0.00462888,,,0.039075951,0.053476606
0.017525179,0.087916801,0.016860608,0.00021518,119.804607,0.566052846,0.000522464,,,0.035463157,0.062719749
0.018078494,0.160724562,0.35935384,0.003103181,14.9296793,2.750716072,0.002111307,,,0.157296804,0.160718344
0.018732511,0.10233798,0.038462631,0.000597615,30.83045495,0.608292862,0.001016658,,,0.061392019,0.087891754
0.017503157,0.165823143,0.220185052,0.002960906,49.70519068,2.348059357,0.000493996,,,0.100941935,0.165346292
0.018164253,0.357919559,0.018810876,0.000599819,44.50849855,1.01849968,0.001389854,,,0.205970673,0.33428694
0.018056092,0.182887194,0.25158107,0.006728501,59.80434449,1.782393011,0.000299791,,,0.091709777,0.17993467
0.017215776,0.177767922,0.027577125,0.00187411,13.00474913,2.592786601,0.000211507,,,0.17445699,0.177759306
0.017354023,0.470726846,3.762045094,0.005592259,198.1918157,1.707370764,0.000247076,,,0.054159173,0.409013337
0.019069505,0.108163354,1.97204004,0.010610805,67.52854847,1.160476222,0.00024265,,,0.050378152,0.100219175
0.017717504,0.413096416,0.131164538,0.002197535,37.33434363,1.175122941,0.000641619,,,0.262678627,0.397873544
0.018305001,0.408431723,0.260741079,0.022033107,584.9004535,0.810246046,0.000395527,,,0.055734581,0.206324473
0.018790502,0.091351828,0.164328139,0.010227326,12.32883079,0.546127384,0.000655687,,,0.064269318,0.081576669
0.017952651,0.08365551,0.012624358,0.000781127,51.61639481,1.515134162,0.000255862,,,0.046576304,0.081669903
0.017631083,0.43537325,0.056754834,0.000213602,260.4856161,1.06515958,0.001854802,,,0.075359603,0.308519481
0.018374499,0.299725406,0.317935245,0.004104901,45.79650131,2.401242171,0.0001944,,,0.196832474,0.299104723
0.017646792,0.327300182,0.050760485,0.000459748,31.66430622,2.668192713,0.002401837,,,0.27697354,0.327172555
0.018911978,0.422586235,0.047927109,0.000241413,22.83977702,2.687384443,0.000236445,,,0.393249012,0.422521489
0.018643417,0.199712839,0.160456608,0.030545966,10.20921324,0.500074662,0.000392914,,,0.141395407,0.176673978
0.018179168,0.107246018,0.009452471,0.000591052,17.17110692,0.818514626,0.000937244,,,0.078907557,0.101698998
0.018048211,0.056138326,0.320703638,0.043134534,34.3668257,0.994752956,0.005152866,,,0.03565566,0.053053578
0.017240447,0.349881929,0.036433963,0.000481396,365.4747693,1.227124499,0.001634375,,,0.034363157,0.226569089
0.018670133,0.109088537,0.675213999,0.04524882,18.49994693,2.714809264,0.004707626,,,0.104792055,0.109079913
0.018944702,0.218396247,0.089469801,0.003598751,97.6674252,0.697239379,0.000302695,,,0.090826539,0.170351891
0.018819072,0.100181935,1.19141428,0.000911725,22.81876853,1.772837856,0.001082396,,,0.084888446,0.099878342
0.018346604,0.19084384,0.351648898,0.001440434,14.99853229,1.985875095,0.000325781,,,0.179411133,0.19071829
0.017892245,0.15035123,0.600635615,0.004998379,84.84031423,0.688754644,0.00247678,,,0.066249371,0.119332278
0.019014637,0.074781031,1.494269581,0.002786424,58.98449757,2.595110467,0.00154439,,,0.038218548,0.074599735
0.018136677,0.235461229,0.008417549,0.003733688,60.74728853,1.602151096,0.006099717,,,0.116563281,0.229607303
0.017842945,0.123253053,0.12683124,0.004192709,14.20590869,2.39193827,0.000449412,,,0.11944609,0.123237123
0.017521812,0.06043899,0.355480494,0.009268273,12.35154274,1.464421906,0.003375775,,,0.055004315,0.060234721
0.017562249,0.155120743,2.224119103,0.013881874,61.02744404,1.562461604,0.001164949,,,0.076531625,0.150877629
0.017457978,0.220577209,0.246721067,0.006367059,110.6886385,2.420681452,0.000743671,,,0.040822201,0.216950902
0.017974924,0.274863683,0.144602255,0.000512954,161.2733557,0.952883065,0.00051714,,,0.077088931,0.213743059
0.018685137,0.119124696,1.154553093,0.01403602,152.3294624,0.624676685,0.000244706,,,0.042702602,0.083613557
0.019005673,0.404393347,0.693006125,0.04794967,136.5289549,0.660553013,0.001061089,,,0.148600963,0.293867374
0.018047896,0.454314493,0.10514861,0.000343738,700.5105253,0.608474542,0.001314123,,,0.083197179,0.216461469
0.017305601,0.276036713,3.89479715,0.011369009,231.7540594,1.268861198,0.004529567,,,0.042112487,0.212484535
0.017507131,0.385339183,3.479662253,0.015761615,14.65741369,0.972430688,0.001902333,,,0.307295565,0.375186118
0.018436211,0.228221479,0.058313505,0.001325941,385.8665607,0.577837493,0.002659265,,,0.058052657,0.12858599
0.018757389,0.327765125,0.103677632,0.000539585,68.46715225,1.702788128,0.000471319,,,0.145540618,0.319826436
0.017928214,0.476779333,0.84777039,0.000320224,50.90879501,0.784765477,0.000372626,,,0.253737856,0.416659692
0.018827619,0.459503212,0.190629974,0.032909861,187.3728487,2.010939422,0.003414638,,,0.042254594,0.41914382
0.017262138,0.487040242,0.02060363,0.002586277,27.75997517,2.701868776,0.000178245,,,0.433069854,0.486919687
0.017378891,0.345440343,1.746637441,0.00699365,44.46755873,2.562765038,0.004123252,,,0.235948618,0.345002195
0.01766992,0.268691199,2.909910299,0.001976857,23.50072261,2.31671674,0.000246778,,,0.241193313,0.268543549
0.018918584,0.374552993,0.023979214,0.001516611,130.3892936,2.953333089,0.001220263,,,0.034369425,0.370470164
0.018648953,0.081660895,4.215435027,0.000224485,17.47397738,0.877757083,0.001027124,,,0.061003055,0.078153964
0.019077832,0.089427238,0.485168665,0.001017239,61.36533666,2.496294993,0.000206596,,,0.043458211,0.089126557
0.018924201,0.270989467,0.016660808,0.002009875,30.68892318,1.446169367,0.001609944,,,0.196476724,0.26735997
0.017963941,0.144287474,0.234977846,0.004508869,23.00854273,0.985292322,0.000478183,,,0.103884665,0.138707061
0.017805593,0.357411841,0.013516378,0.037955335,135.5275266,0.701625616,0.000996645,,,0.128969678,0.264338793
0.017963313,0.089173708,0.137868929,0.006679148,27.35423456,0.721169065,0.000435027,,,0.056887984,0.080492569
0.017515694,0.232142393,1.650930876,0.005262716,21.99408688,0.712393129,0.001481506,,,0.155881561,0.212028002
0.018803304,0.073413683,1.244196168,0.00070853,72.35385326,0.774752773,0.000206099,,,0.034049291,0.06147535
0.018740364,0.11661499,0.083655805,0.00683459,14.40336177,1.543908928,0.000963581,,,0.105013729,0.116247931
0.017651416,0.172791946,0.043614867,0.000735096,176.9815304,1.332550217,0.000283456,,,0.033059496,0.144409677
0.018607964,0.079940473,0.083565195,0.001944381,21.4346082,0.769679497,0.000934988,,,0.05502434,0.074228123
0.019082497,0.095326158,0.019922946,0.001753961,30.57616571,0.562178284,0.002625833,,,0.056588136,0.080267872
0.018719104,0.220890547,0.318279983,0.045919988,143.749234,0.777998618,0.000220485,,,0.074288901,0.166206154
0.018885575,0.316337273,0.36882294,0.000956415,17.65175913,1.305373659,0.00137818,,,0.263071707,0.313198081
0.018515259,0.284793279,0.080106918,0.021651215,206.0019334,0.871228444,0.00077058,,,0.07248304,0.204298026
0.018300206,0.053493206,0.151828878,0.029279904,11.41171014,0.705828636,0.003604897,,,0.040837253,0.050417192
0.01876853,0.401533262,0.120794434,0.004321987,415.7280557,0.635400766,0.001672224,,,0.090823803,0.224063324
0.018057669,0.243275734,2.181153921,0.000791256,30.91568712,0.744140147,0.002237017,,,0.151053056,0.219158556
0.018630724,0.149712306,0.891103626,0.003562505,81.62377722,0.994455941,0.002917798,,,0.063489151,0.131609141
0.018841104,0.047077574,0.013385188,0.021413437,28.58960049,1.683574435,0.004198453,,,0.03657738,0.046799187
0.018864479,0.093716088,0.040560277,0.000605364,81.54869802,1.785589493,0.001107461,,,0.034332652,0.09113355
0.017424474,0.255305177,0.216634719,0.040220846,127.1894831,0.539481537,0.002544846,,,0.102130319,0.178153469
0.017859156,0.468061572,1.250956237,0.000391363,227.7371457,1.773367352,0.000387974,,,0.040182771,0.396851481
0.017915069,0.062800422,1.925579247,0.000484507,10.06925699,0.635021384,0.002047422,,,0.047506636,0.058440738
0.018063662,0.162560195,0.034103321,0.000657636,48.66420588,2.033889149,0.000660445,,,0.098331642,0.161583983
0.018531109,0.492602721,0.086513977,0.008714086,201.8732848,1.435412954,0.00113379,,,0.073453135,0.407316682
0.018998705,0.175511243,0.540701892,0.000401578,89.40930076,0.95773282,0.000725089,,,0.071194318,0.1511072
0.017756842,0.356904843,0.490455104,0.000552142,14.48310932,0.567745757,0.000327355,,,0.246786803,0.318459401
0.017674858,0.322686872,1.240157674,0.001234102,75.97023471,1.099415908,0.001767526,,,0.140529076,0.292526866
0.018691991,0.124307306,0.209477733,0.039705988,194.7566249,0.844082133,0.006063079,,,0.033582457,0.089633471
0.0190995,0.417814384,0.030270878,0.000519128,111.3014918,0.848884987,0.005187128,,,0.15534125,0.337141844
0.017693696,0.203143966,0.145230446,0.000208169,20.41426491,1.018803876,0.001220999,,,0.152349252,0.196858626
0.018388623,0.155341098,0.300514063,0.008555171,14.37687695,2.777957498,0.001000254,,,0.152460571,0.155336204
0.018788534,0.15380516,0.043899388,0.006575471,26.56045761,1.409081019,0.004173235,,,0.11676863,0.151926464
0.018506854,0.259323018,0.141655254,0.000403059,70.25425802,0.884862975,0.001028362,,,0.12062513,0.225520091
0.01812243,0.210781648,0.008157118,0.000486741,117.9449513,0.717945886,0.004025076,,,0.080311056,0.160776565
0.017769871,0.248158823,0.01632126,0.000303581,18.39808168,2.039971961,0.002940739,,,0.227734371,0.247955997
0.017586495,0.419002271,0.500658548,0.013003866,131.1112242,0.912230513,0.000370611,,,0.137816552,0.335275678
0.017429039,0.046348174,0.010591653,0.033367287,16.04071413,2.524783811,0.000177495,,,0.044747686,0.046343223
0.017520588,0.308794781,1.716612783,0.001693686,10.97905983,0.872790875,0.000224236,,,0.251643357,0.299672619
0.018195366,0.46409193,3.058648486,0.046472635,12.86192873,1.473194383,0.001536039,,,0.420588956,0.462482907
0.018680896,0.440345641,1.309210495,0.003931143,135.0295703,2.499278615,0.000284825,,,0.051241923,0.430002968
0.017452186,0.055979171,1.12247576,0.000234407,12.03734807,2.904354914,0.000283285,,,0.055456993,0.055978514
0.01849167,0.176010238,0.095377274,0.001062202,24.74354892,1.144643957,0.000880852,,,0.12915335,0.171549434
0.017349477,0.3213156,0.757409054,0.006193686,39.41742626,1.160822822,0.003762441,,,0.199076037,0.308245852
0.017917259,0.074357617,0.04047246,0.014165782,19.82187498,0.964909689,0.002384535,,,0.055347977,0.071688237
0.017622156,0.160041556,0.547186098,0.000439882,80.20902027,0.629169849,0.001736913,,,0.072733423,0.124843621
0.019081164,0.2909224,3.46461105,0.000792713,27.25372942,0.8011035,0.001652196,,,0.189968493,0.268375783
0.018669155,0.176260268,0.802185891,0.004286339,165.1785678,1.136809009,0.001594499,,,0.042349191,0.143212428
0.018953968,0.378293376,0.316217148,0.047118575,1463.995211,0.566560189,0.002719209,,,0.053206048,0.142344167
0.018438787,0.180309391,0.334911411,0.00250661,261.9278552,0.929000182,0.002976387,,,0.036560767,0.123245689
0.017926961,0.119633082,0.012233772,0.002311622,23.37132186,0.836054459,0.000799426,,,0.082242704,0.112193063
0.018369045,0.087543195,3.12566621,0.000663106,13.27071815,1.815701142,0.001551852,,,0.082230874,0.087456829
0.017346448,0.208697541,0.040297397,0.036820032,16.81148932,2.043630376,0.00568114,,,0.194269519,0.208557454
0.017502852,0.173283211,0.031991031,0.017249125,893.1492243,0.510028581,0.000363315,,,0.034907082,0.077881777
0.01765974,0.217159679,0.553748064,0.009379817,107.4766279,1.206773825,0.003071108,,,0.071889588,0.192940481
0.018136994,0.325909306,3.99742642,0.03999938,314.8567588,1.231162099,0.000861434,,,0.037468557,0.224441108
0.017646176,0.090577071,0.093130208,0.011904343,20.94711094,0.510180912,0.000225455,,,0.057162072,0.07672298
0.018064608,0.204590942,0.564656,0.001182951,33.7400939,2.875873999,0.001447975,,,0.171781832,0.204538952
0.017819902,0.162791118,0.243006066,0.000251388,65.75024437,0.511248503,0.000246184,,,0.079491704,0.123056005
0.017264851,0.365622452,1.802401988,0.02031917,26.38991288,1.652196639,0.000281075,,,0.290772322,0.363537996
0.017327677,0.132507033,0.042082648,0.000404173,74.03772773,0.724623074,0.000387507,,,0.0612168,0.108652268
0.017617233,0.178780183,0.332020373,0.000233546,12.38568913,0.622442151,0.000959526,,,0.130066681,0.16411804
0.017731743,0.36979822,1.209628252,0.001259341,233.4665165,1.585966273,0.000335744,,,0.038414464,0.302170821
0.017650183,0.209885923,0.378952007,0.000301909,58.49799411,0.885127258,0.003418755,,,0.106120363,0.186170149
0.017448529,0.278793287,3.725530591,0.001551907,16.42913781,2.141726319,0.001732732,,,0.262417804,0.278667811
0.017758083,0.096826344,0.407049483,0.000215379,11.47489372,0.834557791,0.001556534,,,0.077371328,0.093389256
0.017202253,0.131196868,0.007964938,0.005419996,112.5373969,1.427717909,0.001399938,,,0.037977804,0.120179279
0.017791917,0.142253736,0.018995244,0.048526745,27.73444098,1.256043247,0.000705696,,,0.103129698,0.139322585
0.018388302,0.276428834,1.437095082,0.00376474,12.6739384,0.668091535,0.000338792,,,0.204172571,0.25690525
0.019076166,0.148653461,1.106772863,0.002817365,111.6091898,1.512873554,0.000228326,,,0.041787493,0.137832376
0.018402115,0.05824898,1.525356417,0.003848812,26.65840612,1.624796554,0.002529561,,,0.045950606,0.057881445
0.017499184,0.269837886,1.44177489,0.000370681,191.9100564,0.806865663,0.001690456,,,0.075899611,0.19293162
0.017400756,0.256394737,0.118589394,0.006551312,130.0298203,0.920439719,0.005890257,,,0.084400605,0.205980382
0.018872388,0.34889,1.587762123,0.013616181,35.88585382,0.55120659,0.000947463,,,0.198992974,0.287931084
0.01843106,0.071867012,0.082754109,0.008284012,12.24966735,0.637301078,0.000500285,,,0.052716136,0.066313757
0.017301069,0.388635207,0.029018142,0.000487189,153.7377341,0.990307026,0.000804741,,,0.109813945,0.30853029
0.017396198,0.215930113,0.012447749,0.001261661,70.90375213,2.080577329,0.000308215,,,0.089397242,0.213420892
0.019054858,0.206340924,0.156676288,0.002513539,67.9649515,0.658780068,0.002838046,,,0.098936901,0.166650274
0.018701786,0.107398365,0.083474683,0.006402312,78.74628571,1.305763536,0.004012969,,,0.044265925,0.100321917
0.018903723,0.200565149,1.236132289,0.001209368,833.5847777,0.572854928,0.00165718,,,0.036367207,0.090865887
0.018801334,0.153369117,1.677987269,0.000262017,10.17170247,0.890695473,0.003230526,,,0.127190617,0.149413768
0.018676982,0.402103656,0.026752893,0.01319675,37.8532672,1.252671988,0.005125002,,,0.257499236,0.389867345
0.018176629,0.093583149,0.116550845,0.001247806,70.70827594,0.814856372,0.000328343,,,0.043665551,0.079639214
0.017925083,0.382613859,0.025534816,0.000264439,424.2303945,0.969820655,0.000236873,,,0.049915556,0.223165282
0.018423659,0.280380814,4.368918045,0.006431838,32.40122228,0.689371962,0.000267205,,,0.169524023,0.247312963
0.018117684,0.118450208,0.040736481,0.000752204,27.27882103,1.363139073,0.001800847,,,0.088298296,0.116722862
0.018103452,0.442224894,0.011945548,0.019657049,49.2498801,1.944793517,0.000365511,,,0.263049327,0.438830635
0.018394725,0.096688994,0.022714458,0.009848638,90.06995625,0.892292815,0.003780619,,,0.039677072,0.081653782
0.018445872,0.254220247,0.448265368,0.010669555,842.8410031,0.627106485,0.005069725,,,0.04071423,0.113616222
0.01793479,0.036101854,1.150805568,0.002068038,22.25878594,2.683374815,0.000446444,,,0.033743569,0.036096624
0.018177581,0.044605382,0.015578142,0.002814773,28.09406675,1.954108024,0.000229014,,,0.036352834,0.04449312
0.017390124,0.145935379,0.010730293,0.002504304,33.95813915,1.938994509,0.00076549,,,0.109590754,0.145380526
0.018781973,0.194122594,3.697375623,0.003642062,213.3331027,0.869409143,0.000485732,,,0.048376408,0.137972823
0.017854166,0.055425676,0.016588742,0.008941538,24.99529191,1.815159007,0.002151109,,,0.046033223,0.05525313
0.018801663,0.055899764,0.027279881,0.037263162,22.44390299,0.56910373,0.000359397,,,0.035572557,0.048434969
0.018361668,0.110021633,0.702838498,0.000300523,29.63430161,1.425162073,0.001495856,,,0.080547337,0.1085296
0.017771422,0.378830757,0.048135317,0.000589423,116.0073578,1.328576803,0.001319677,,,0.111383536,0.340467462
0.017440304,0.198582058,0.010626144,0.000242749,37.78366283,1.446601296,0.001898898,,,0.131318473,0.19501007
0.017700186,0.208994004,1.933944481,0.000436655,43.25672019,1.074424103,0.000707825,,,0.122677743,0.197298307
0.018059246,0.261541155,1.193999388,0.005214509,30.60431618,1.002207239,0.000663236,,,0.173284721,0.248927202
0.01784949,0.09559718,0.122641102,0.011948243,10.96896107,0.827114548,0.001658179,,,0.076769738,0.092229307
0.017344025,0.156669819,0.142424907,0.00334333,21.95364428,0.820472405,0.002994373,,,0.108929093,0.146933526
0.017659123,0.307046373,2.530262411,0.016733177,88.99885413,0.884334646,0.000558261,,,0.127026277,0.259118217
0.01879641,0.236130668,0.215931552,0.010620574,26.34138726,0.833063803,0.000453492,,,0.157033432,0.219865363
0.01876558,0.122034386,2.792510703,0.027251878,26.14817542,1.148410172,0.000224642,,,0.088094751,0.118782762
0.018741673,0.35893716,0.238311713,0.007262561,82.37838149,1.95527547,0.002276444,,,0.125567501,0.351691899
0.017792849,0.322229132,0.276155684,0.003294464,160.680804,0.82514092,0.002306818,,,0.099017352,0.240976201
0.017381319,0.314992985,0.518325389,0.003346408,35.75400174,0.845343401,0.000365731,,,0.1914186,0.28840958
0.017853543,0.398693405,1.825994543,0.007417916,912.2547403,0.571317368,0.003201464,,,0.069525011,0.175600571
0.017495517,0.40267486,0.042725994,0.012825598,70.44847906,2.298798728,0.002815905,,,0.164602377,0.399768942
0.01764556,0.118786973,0.061627191,0.01146356,10.45642793,0.732017869,0.003854212,,,0.092923171,0.11295959
0.018217304,0.103066924,0.851453333,0.000270096,27.05382563,2.590464817,0.001925393,,,0.091450182,0.103033318
0.018309476,0.168432768,1.433983652,0.000462719,15.20700232,0.702674019,0.002707766,,,0.121948413,0.156595895
0.017333427,0.411925272,1.039347361,0.000908375,78.02495225,0.753982348,0.000957217,,,0.185632654,0.339089048
0.018023015,0.272145963,3.681382706,0.000290463,40.11268569,2.315333487,0.000974088,,,0.195274607,0.271628641
0.01839055,0.426200855,0.226477347,0.004318011,117.7280748,2.067570526,0.00382184,,,0.084742351,0.411992108
0.018503945,0.072584694,0.034029485,0.015304238,12.34018154,1.242612407,0.001208557,,,0.06366342,0.072007526
0.018492962,0.067515549,0.237538185,0.018228313,16.47455689,0.539803841,0.002782179,,,0.045078791,0.059037226
0.018261897,0.055504411,3.506159366,0.003380455,11.46433888,1.814075221,0.000344348,,,0.052878282,0.055462148
0.018304681,0.062179481,0.033626232,0.013318752,10.56281253,0.764639443,0.00125531,,,0.049155357,0.059470298
0.018518492,0.452383865,0.091727901,0.017424619,101.7968381,1.322243971,0.002485749,,,0.150208444,0.41283805
0.01866394,0.335294679,0.041764616,0.008095605,25.45958654,2.357896607,0.000261314,,,0.296070772,0.335099949
0.01797053,0.296761865,1.351009398,0.000866728,15.87915821,2.595885552,0.000286719,,,0.28763798,0.296737997
0.018756407,0.212584583,0.009360725,0.001141249,17.78218998,0.662528548,0.003672856,,,0.146938319,0.193756635
0.017912879,0.176510653,0.070338297,0.001652122,30.88725025,0.702464213,0.00237307,,,0.108472873,0.156976307
0.018129078,0.431680839,1.694433483,0.000277912,467.6978653,0.749716438,0.001587789,,,0.076236635,0.235937189
0.018745928,0.354884034,0.308432713,0.000435852,62.1610461,0.754432801,0.004886794,,,0.175073765,0.300549428
0.017964882,0.167241522,0.015885007,0.000335303,48.44080564,1.458747828,0.000283969,,,0.09656794,0.163090967
0.018707012,0.088543024,0.833197236,0.000422426,44.8786572,2.298112348,0.000197231,,,0.05851855,0.088314935
0.018775086,0.495407739,0.514408247,0.012920368,26.26876608,0.9284455,0.000380108,,,0.338285111,0.46968501
0.017459197,0.260799675,0.831393295,0.037538503,120.0253089,1.993599535,0.000213942,,,0.052327718,0.250664996
0.017412003,0.382071111,0.264727208,0.002054759,342.0441134,1.035675355,0.000704846,,,0.054072135,0.245112554
0.017688753,0.305307865,0.199723515,0.001460455,19.65838439,1.337334002,0.001169872,,,0.249258222,0.3021828
0.018657748,0.315888541,0.652199695,0.000933803,28.4583557,0.92540066,0.003146016,,,0.210389513,0.298136864
0.018477144,0.092657844,0.441515614,0.016158143,37.818449,2.281700572,0.000729911,,,0.068693957,0.092489177
0.018493608,0.04372767,0.026840012,0.001263986,12.54629136,0.902476054,0.001419471,,,0.03516268,0.042433829
0.018803961,0.301004537,0.032905249,0.001348088,93.61933068,0.50231972,0.005174643,,,0.133754924,0.216035493
0.018586205,0.240187464,1.023697393,0.000357284,46.99186564,2.386943418,0.001975924,,,0.154158512,0.23963882
0.017943561,0.21562381,1.837906374,0.00327934,27.50568763,0.674506453,0.000877145,,,0.135534432,0.191660273
0.017216979,0.483595635,0.172727666,0.000784729,29.38987823,0.550548564,0.002979976,,,0.288699936,0.406374908
0.019088829,0.323604302,0.035730137,0.003117492,12.22714273,2.226506244,0.000697664,,,0.314495007,0.323548673
0.017855725,0.310553145,0.338927737,0.003927527,15.23501639,0.662924364,0.000580906,,,0.221341953,0.285543712
0.017337362,0.052664405,4.359458975,0.002843411,26.88011299,2.693812314,0.004081238,,,0.047233598,0.052652153
0.018529167,0.214098804,0.320356275,0.011601524,14.67090829,2.312569458,0.004756089,,,0.206162395,0.214058682
0.017265454,0.053874233,0.506113766,0.002424929,10.22802047,1.501172647,0.002087277,,,0.05033865,0.053755162
0.01852108,0.064884647,0.689261174,0.010728629,16.93571133,1.265077693,0.006143975,,,0.053987234,0.06418099
0.017494601,0.052739217,0.44439583,0.000452611,14.27142377,0.981767827,0.003703965,,,0.042389175,0.051429635
0.017235329,0.360468987,0.057125073,0.000282034,765.2118822,0.516620059,0.003050823,,,0.076280788,0.168925782
0.017266358,0.060869491,0.016162845,0.001143351,16.0850594,1.922849115,0.004554193,,,0.056384018,0.060811709
0.017886934,0.316786643,0.715131594,0.000607597,15.51801113,1.886448384,0.003858858,,,0.293866844,0.316466061
0.018993729,0.342997205,0.297597266,0.000815653,103.6877432,1.334541377,0.000620707,,,0.111537371,0.312938337
0.017752501,0.179034147,0.038171957,0.000960825,199.2891507,1.093522096,0.006439584,,,0.037962254,0.137759164
0.017628312,0.038812423,3.93723519,0.000905871,27.40462603,2.837485952,0.00026544,,,0.035022164,0.038806317
0.018590749,0.238150428,0.013678469,0.003198863,214.7117672,0.972721125,0.001641282,,,0.053442368,0.174083204
0.01845006,0.050972718,0.747623036,0.00118404,13.07675294,0.546780126,0.000354451,,,0.035527678,0.045372157
0.01811452,0.263030443,4.12505146,0.002703078,44.10079082,0.809037144,0.00220225,,,0.147809692,0.234638803
0.018726951,0.067419777,0.633392624,0.004853334,11.89420123,1.234844171,0.000538766,,,0.059371387,0.066891745
0.018808887,0.281177964,0.241954948,0.010189748,913.9352793,0.520180632,0.006278685,,,0.054881578,0.125262136
0.0177885,0.451742147,0.679618741,0.000418557,470.2873832,0.518474698,0.001524056,,,0.115587879,0.240115116
0.018855916,0.450461441,0.895945243,0.044751889,48.97869816,0.511859557,0.000277207,,,0.236919431,0.352653999
0.019040887,0.094116038,0.00896362,0.014548914,22.94510994,1.041879467,0.000750422,,,0.068832009,0.091078023
0.017551825,0.245356609,0.011084883,0.004459352,26.51161839,2.028430128,0.001369902,,,0.206050576,0.244919009
0.018188059,0.077923742,0.38183767,0.000260334,62.79347793,2.030854548,0.000309891,,,0.037162774,0.077135722
0.018475531,0.123428139,0.277054967,0.000213013,17.63552268,2.435182309,0.001418617,,,0.11747161,0.123405166
0.01768412,0.180053618,0.115544749,0.002422699,352.9152679,0.586880521,0.00108697,,,0.047025036,0.103934369
0.017367969,0.468726472,0.346353946,0.002661119,835.1203924,0.775447169,0.000466516,,,0.05384269,0.204481546
0.018014204,0.235127221,0.012775751,0.008215685,42.93943582,1.862379473,0.002365933,,,0.15304798,0.233408745
0.017566543,0.360981048,0.105719913,0.000221,38.45010532,2.577347253,0.002406182,,,0.273962903,0.360677875
0.01852852,0.131756774,0.008353935,0.026363848,216.4974356,0.61966022,0.000298529,,,0.04098424,0.086019226
0.017530994,0.059333882,1.668919559,0.001421995,15.56091137,2.360714812,0.003877502,,,0.056978519,0.059323195
0.017339785,0.349385612,0.345229728,0.029118682,36.45167144,1.454832504,0.000185699,,,0.235385589,0.343547408
0.018272105,0.205172614,0.98026961,0.000428692,35.52442526,1.058500698,0.000282093,,,0.130334917,0.19536839
0.019048869,0.116449569,4.853187711,0.043533309,17.37776137,2.20994579,0.005674299,,,0.109376234,0.116403147
0.018859539,0.115954712,0.016092933,0.011806156,36.75482481,1.389442077,0.001938196,,,0.076987718,0.113609151
0.018818744,0.290097624,1.685276898,0.024810268,746.4332469,0.749045083,0.000656082,,,0.038129514,0.133212095
0.017946068,0.318138586,3.9543396,0.001258183,24.51689252,1.693154028,0.006400905,,,0.260826443,0.31672791
0.018629098,0.084851495,1.052951906,0.005490276,35.58986771,2.120723954,0.000341867,,,0.063781597,0.084639748
0.017625542,0.423787689,0.057872812,0.001304159,18.16257201,1.67304951,0.002243766,,,0.373238171,0.422572671
0.018422694,0.396999141,1.163344843,0.04029494,12.26094522,2.511248805,0.000364192,,,0.3897717,0.396976459
0.017891308,0.209290888,0.027607027,0.022880297,121.9177658,1.287564573,0.001163546,,,0.059942922,0.185459666
0.017253398,0.1549007,4.102760007,0.013454258,22.77680951,0.586004884,0.005606338,,,0.098859242,0.135041788
0.017965509,0.062711338,0.016824103,0.006673004,23.71798462,1.236689335,0.002770471,,,0.047604559,0.061578256
0.017842634,0.152717368,0.793539419,0.00075359,23.52235895,0.719233425,0.000929372,,,0.101142136,0.139170957
0.017896933,0.411340945,0.219708333,0.019820528,41.00846379,0.994159014,0.001042711,,,0.244119926,0.384636755
0.019037895,0.41959748,0.028181365,0.00090754,110.8925471,0.668890051,0.000391496,,,0.16729764,0.317096403
0.018922219,0.06147735,1.08892691,0.002177405,40.59544227,1.249309778,0.006447348,,,0.038094851,0.059423023
0.017976807,0.410174778,0.153483218,0.003240342,114.3117909,2.743333066,0.000417816,,,0.059783959,0.4058791
0.018184883,0.421388187,0.010989196,0.004957153,153.0319783,1.315548409,0.006207224,,,0.095181097,0.361480902
0.018406615,0.103213335,0.05737324,0.002698107,87.53678561,1.067069801,0.000518076,,,0.041345228,0.091482961
0.017247072,0.083418343,4.508403624,0.000493053,11.65582009,0.786407656,0.003538196,,,0.065391913,0.079820101
0.017482995,0.169151585,4.098316193,0.009686845,143.0893319,0.50052287,0.000241338,,,0.066464567,0.113678628
0.018184566,0.331979447,0.083113615,0.00030979,119.584311,2.626295106,0.002515882,,,0.04663701,0.327245598
0.017291705,0.211380921,0.014130484,0.007548756,173.7540006,1.350981527,0.004584475,,,0.040603947,0.178012864
0.017498267,0.309233436,1.756127415,0.000295586,23.28545077,2.543703536,0.002572593,,,0.283693607,0.309153849
0.017230815,0.128980937,0.059397781,0.000409037,33.43102715,0.534031731,0.001194082,,,0.074480665,0.106248491
0.018224941,0.390848205,0.110643054,0.000769002,57.58996453,0.639971066,0.00179543,,,0.197987568,0.31953727
0.018415296,0.133640441,0.021169472,0.005405054,34.08336852,0.533234946,0.000463714,,,0.076819809,0.109841198
0.017288686,0.164650353,0.052608662,0.004410379,11.796098,1.097775559,0.000180189,,,0.141004724,0.162475008
0.01792477,0.221204331,0.790963696,0.000967925,48.21843095,2.125796447,0.002438286,,,0.135848209,0.220168855
0.018988422,0.30661082,0.528535556,0.029442019,12.9927871,0.675514333,0.001872767,,,0.22615446,0.285192794
0.017322836,0.343484447,0.585214995,0.009208761,388.3602221,0.594820366,0.00223567,,,0.085083467,0.193837782
0.017619387,0.094921066,0.022542798,0.000283074,11.05001197,2.730256616,0.00026785,,,0.093994363,0.094919324
0.018215077,0.120143637,0.063319672,0.003622008,126.0243992,0.508507772,0.000179107,,,0.04886952,0.082728867
0.017773285,0.157561941,0.012789604,0.004938939,133.0559742,1.053769855,0.00096882,,,0.047535331,0.130810153
0.017213672,0.45110134,0.986664375,0.001987802,268.5173898,1.670054491,0.004875032,,,0.034134584,0.357696904
0.017336454,0.496111486,0.29727493,0.040073066,1004.801047,0.709209173,0.003408472,,,0.059206027,0.203200088
0.018811515,0.477456617,0.026236085,0.023694558,102.64344,2.116295452,0.004738928,,,0.116024373,0.466342194
0.01757268,0.407273804,0.048607099,0.002476801,113.3689486,1.840265571,0.002336188,,,0.096393702,0.389144163
0.018986101,0.169873469,0.048765385,0.010436492,16.98253086,0.512777508,0.002475289,,,0.111501679,0.146348345
0.01758281,0.446007495,0.01048885,0.026583105,26.22046322,2.680971911,0.005586109,,,0.402285881,0.445906469
0.017721218,0.145109088,0.955102329,0.000217971,17.50616762,1.989436495,0.001617722,,,0.133587886,0.144980971
0.019072835,0.052069717,0.503378767,0.017091119,20.96639625,1.905130626,0.000466797,,,0.045879778,0.051982462
0.017586187,0.088417424,2.856791381,0.001709344,103.0219641,0.56234619,0.000301603,,,0.037540199,0.064478864
0.018052309,0.109865564,0.118204469,0.001770176,65.20793711,1.026744954,0.003967296,,,0.052586855,0.099658829
0.018175676,0.053569195,0.085860164,0.000601477,18.70537256,2.177843754,0.002222241,,,0.049647232,0.053541111
0.018528844,0.080968327,0.028612193,0.031027588,28.06822526,1.258295792,0.005275372,,,0.05848401,0.079286634
0.018219213,0.285602975,0.774843819,0.001219426,68.5301877,1.056921395,0.000240902,,,0.132786414,0.259415627
0.017235028,0.34397238,0.478900098,0.016098775,58.60575805,1.662590381,0.00209989,,,0.175347247,0.336925977
0.017844503,0.270221202,0.024319432,0.000201385,506.2159923,0.735304224,0.000525621,,,0.046608845,0.143542479
0.018504592,0.225644398,0.146495028,0.02235992,136.4033728,0.609383754,0.004103427,,,0.085165028,0.160546353
0.017528239,0.097101631,0.242742859,0.000214587,46.21988573,0.937360299,0.004158177,,,0.054458903,0.08904718
0.018694276,0.101903091,0.067646977,0.028195755,12.98083607,1.787189883,0.00053553,,,0.095698751,0.101795363
0.0181044,0.409011917,0.255150503,0.019157019,11.17271263,0.98001031,0.00027654,,,0.342965388,0.400927381
0.01739468,0.295081588,0.454132941,0.000634453,17.15531259,1.525576547,0.001880682,,,0.257024291,0.293784659
0.017553664,0.180565528,0.010375795,0.002963632,28.93367663,0.98882947,0.00023545,,,0.121496998,0.171986172
0.01855734,0.140248663,0.053994919,0.002483648,158.3322886,0.873051553,0.000639304,,,0.04207846,0.106855054
0.018713874,0.4667346,1.319179939,0.001964164,15.93771669,2.88447496,0.006140275,,,0.456757127,0.466721298
0.018096498,0.455606154,0.301819577,0.001621993,29.99095073,1.136130249,0.001722325,,,0.3131696,0.440947356
0.017387391,0.059756511,0.078219618,0.011622896,10.1529988,0.831820857,0.000564688,,,0.048656077,0.057813777
0.017713792,0.184713553,1.187547109,0.000672942,11.88326071,1.368032671,0.005904469,,,0.166537858,0.183853713
0.018551184,0.292578994,0.437704342,0.001010708,155.3018751,2.129608777,0.004427047,,,0.034106122,0.277002914
0.018218576,0.169391872,0.358964614,0.009785399,84.21801772,0.910325591,0.005394286,,,0.071727652,0.145103368
0.017244963,0.219328292,1.248247813,0.000663716,29.74358572,0.616522392,0.000724216,,,0.133023093,0.189584854
0.017737627,0.066942948,0.527963084,0.001884487,12.93314179,0.708785722,0.004316433,,,0.050069467,0.062804507
0.018336354,0.234460627,1.409333506,0.017122604,13.46756041,1.78292536,0.003207255,,,0.219187015,0.234191614
0.019001691,0.172546837,1.944452147,0.000671704,20.39548745,0.66312236,0.001356761,,,0.115886222,0.155981502
0.018598867,0.089936461,0.10379005,0.000814153,109.8767467,0.538033552,0.000450496,,,0.037713192,0.064186317
0.018567713,0.444743047,0.088409575,0.000616042,2272.874957,0.550219845,0.000407622,,,0.053026348,0.14435282
0.017637242,0.226285927,0.027132463,0.002075664,195.2950383,1.223100141,0.00071382,,,0.043222823,0.180539281
0.018081651,0.428627762,1.880213058,0.000531209,451.2100639,0.672294407,0.005908027,,,0.087793181,0.234782747
0.018653513,0.111278188,0.139371161,0.012638139,15.05384323,0.746811571,0.004469927,,,0.082059256,0.104605805
0.017302882,0.348395091,0.052722811,0.010171011,43.33640693,1.193156992,0.004883851,,,0.207590588,0.333879278
0.018082598,0.463433604,0.35279402,0.00684718,492.4318797,0.941287392,0.001518557,,,0.056153071,0.253201503
0.017462552,0.446641066,0.016534897,0.014969936,60.13546513,0.618550932,0.000793189,,,0.223164771,0.359898071
0.01779316,0.3713764,0.017192734,0.002917629,23.93725519,0.661935268,0.000738314,,,0.240482306,0.332015905
0.018028681,0.066753163,0.180771211,0.000628641,18.65380329,0.78970233,0.00379431,,,0.047766733,0.062707979
0.018471337,0.065532602,0.014176499,0.0005552,14.07577941,2.60753964,0.003922142,,,0.064071263,0.065528912
0.018426876,0.271759917,0.604553847,0.002398298,11.23457295,1.855163461,0.00324809,,,0.260134952,0.271590505
0.018729894,0.050468725,3.637757977,0.024696373,27.78553286,1.487339782,0.0046709,,,0.038285372,0.04995119
0.018723027,0.338162645,0.047461927,0.013856348,11.74194627,1.675049172,0.001606069,,,0.317502935,0.337698284
0.01788506,0.456901487,0.067500516,0.00044354,106.4921182,1.287180129,0.000636614,,,0.147732057,0.412355048
0.018075021,0.478814073,0.0981029,0.000331315,17.34580724,0.615602529,0.000301058,,,0.32665301,0.430247978
0.018356539,0.113673039,0.197999452,0.01875581,23.8932395,2.042410176,0.000337366,,,0.098631136,0.113516026
0.018387981,0.406696076,3.176891405,0.006384661,140.6092135,1.762281083,0.000392677,,,0.074141475,0.377430464
0.018037498,0.293410824,4.289165689,0.004609559,13.99827471,2.00434454,0.000908885,,,0.278355166,0.293253788
0.018226214,0.154023647,0.018447491,0.017537226,71.42766801,1.63111651,0.000264801,,,0.066135093,0.149381896
0.018966881,0.320859806,0.009545116,0.001237514,11.99312035,2.086176691,0.000251582,,,0.310075962,0.320768327
0.018183613,0.275645148,0.014330967,0.001089927,291.1670348,0.697447624,0.005300859,,,0.06875414,0.171854825
0.017908188,0.319950156,0.567109018,0.003668973,281.1611107,0.95573288,0.000717701,,,0.059510955,0.215513811
0.018637558,0.417221703,0.064079014,0.001960552,97.57758873,0.537712306,0.000914377,,,0.181490256,0.303086713
0.017906937,0.486349363,0.010847211,0.000228024,589.764827,0.753757223,0.000789375,,,0.073698392,0.244751525
0.018826961,0.203721524,0.369623204,0.019711392,245.3612996,0.554177457,0.006443465,,,0.06401193,0.126594929
0.018407901,0.207221521,0.031921768,0.003533122,272.2496104,0.600890521,0.000979384,,,0.059524643,0.127757515
0.017961431,0.14144829,1.139635821,0.00172356,25.15682391,1.192800736,0.002910775,,,0.104421687,0.138302339
0.017522118,0.447275538,3.548205937,0.014873814,980.1427884,0.731143992,0.00088992,,,0.051359885,0.183939663
0.017825505,0.313654409,0.028986712,0.001855235,250.6098674,1.423460724,0.000534885,,,0.036253997,0.24340785
0.017368879,0.231813093,2.355605543,0.047861501,487.0239078,0.828103132,0.000523724,,,0.034789082,0.125893492
0.018636907,0.420790437,0.089179394,0.026534224,979.2412333,0.823172,0.000386807,,,0.038390638,0.168542003
0.018596269,0.208105875,0.063732736,0.000582413,172.7972684,0.636540272,0.003607069,,,0.070288741,0.143247689
0.017338574,0.241212506,0.045251888,0.000811162,10.82854989,1.505212684,0.000629747,,,0.224177418,0.240641146
0.018393441,0.265280292,2.193004745,0.000450948,22.34087093,0.540610442,0.001020954,,,0.167241988,0.226962979
0.018939079,0.337682953,2.789486056,0.005450005,11.36978115,0.933170878,0.000255554,,,0.278667642,0.329543046
0.018167743,0.234793687,0.191458122,0.004353922,15.67589271,2.25932558,0.00081058,,,0.223998234,0.234731422
0.018886564,0.295920534,0.010557274,0.005026054,22.56816888,2.552073068,0.000332323,,,0.2733775,0.295852103
0.018643092,0.056457993,0.177087085,0.005964352,14.06283223,0.817781664,0.005358656,,,0.043252733,0.053952113
0.017402883,0.252422266,0.083203735,0.005607719,74.65346868,2.11124563,0.003609243,,,0.097604004,0.249360747
0.018865468,0.482224623,1.794605738,0.00394201,50.25712308,1.16255738,0.001162145,,,0.265858972,0.456663724
0.01909183,0.456253361,0.007752042,0.013653823,238.2412999,0.504574858,0.000349152,,,0.151817814,0.280343979
0.017517835,0.155782748,3.281874076,0.00064268,315.7271944,0.578182712,0.001962873,,,0.043129976,0.092185131
0.017369182,0.188153888,1.530323642,0.001374393,42.23402901,0.803499383,0.000534563,,,0.107260268,0.168209261
0.017968333,0.204010919,4.567416408,0.004302146,26.53602676,1.05125539,0.000828353,,,0.143250553,0.196600327
0.017809014,0.342510655,0.746004371,0.046558246,462.5615267,0.619845294,0.000394099,,,0.075333105,0.185033186
0.017418694,0.139059211,0.044233675,0.010523288,301.2516958,0.527060683,0.000932738,,,0.041625306,0.082017038
0.01832259,0.309672715,0.071801617,0.005385194,20.85095013,0.965774519,0.00254945,,,0.227647434,0.298052782
0.017361904,0.14886463,1.687104248,0.000895099,64.84888619,1.14943947,0.000645496,,,0.071110046,0.138156197
0.018077231,0.11096271,0.168293084,0.002600596,35.81986711,1.323429073,0.004556938,,,0.073716591,0.10836275
0.018125279,0.177515754,0.011133039,0.000414341,67.28043458,0.716232751,0.000235734,,,0.085119668,0.146872704
0.018831565,0.072998012,0.466604896,0.000728363,51.00257826,1.620919527,0.000191609,,,0.041277395,0.071679438
0.018552155,0.078034436,0.025068691,0.031749686,10.40842615,0.722462385,0.00109288,,,0.060865412,0.074075424
0.017484216,0.261912684,0.012474758,0.022073696,134.0391399,0.673500077,0.001684357,,,0.096350712,0.19195859
0.017751571,0.092395156,0.027487613,0.020715659,14.03697357,1.463110547,0.001694535,,,0.082540871,0.092016963
0.017939175,0.16049657,0.08755147,0.002896228,263.3780797,0.880908185,0.000489847,,,0.034289631,0.108137774
0.018572902,0.086186838,0.720577215,0.04861614,32.91209719,2.375565746,0.000240033,,,0.069497724,0.086099762
0.018337955,0.104392133,1.91309919,0.004647895,32.88182398,2.072515883,0.004570685,,,0.081079991,0.104138757
0.018271786,0.063247744,0.053586863,0.00166433,18.12917478,1.983504371,0.000338384,,,0.057860011,0.063186629
0.01861674,0.375617884,0.103453161,0.00220361,147.0946766,2.60131763,0.000396481,,,0.033224147,0.366167825
0.018920236,0.039647717,0.060896903,0.000220188,25.13368415,1.936679751,0.000205108,,,0.033446356,0.039562849
0.017243458,0.271374419,0.909642176,0.000410168,395.9383152,0.673097947,0.000274879,,,0.059497193,0.154546134
0.017526709,0.04829598,0.178435577,0.006753314,32.70076858,1.314762928,0.004098486,,,0.033302221,0.047265084
0.017794714,0.100752399,0.271408574,0.001340665,14.54990281,2.779617138,0.001753737,,,0.098826648,0.100749138
0.018410472,0.062889632,0.013663654,0.025835469,20.64094735,1.599282997,0.001463762,,,0.053228992,0.062603758
0.018553127,0.155561767,0.429714274,0.001469893,17.07655859,1.076993984,0.001642272,,,0.123622375,0.152266876
0.018512995,0.24087034,0.076128874,0.002893564,175.8451318,0.879593854,0.004100956,,,0.067379145,0.179787672
0.018070603,0.063970095,2.522049518,0.011516428,12.50019368,0.676927896,0.000300514,,,0.047532339,0.059631015
0.018055147,0.086554655,0.059012812,0.000489436,82.07570622,1.194583077,0.003502143,,,0.035272068,0.079198159
0.017890058,0.344461007,0.010683879,0.005732948,1128.331777,0.503070311,0.000459819,,,0.064076499,0.145097656
0.017211869,0.244661014,0.100252422,0.00870607,72.48714221,1.016980059,0.000356593,,,0.110606059,0.219121697
0.017399237,0.324524341,3.183784562,0.047993816,333.3433026,1.134773945,0.000185476,,,0.040564394,0.214453667
0.018414652,0.051190254,2.01088602,0.000256529,22.21785661,2.217879379,0.000280737,,,0.046099373,0.051156047
0.017201952,0.276821512,0.835005091,0.012407663,35.16663687,1.524210426,0.001108797,,,0.191844505,0.273202202
0.018764269,0.319496299,0.03100126,0.019298572,10.60176561,0.548579193,0.002156299,,,0.23044923,0.288026261
0.018455216,0.418407906,1.859946919,0.008682068,53.3059455,0.553350614,0.000432935,,,0.216048707,0.331556285
0.018110408,0.499645243,0.073613795,0.002015432,77.80984345,0.529901409,0.000526889,,,0.232645263,0.373209841
0.018400187,0.224685513,3.575225,0.019802297,618.1037211,0.669489565,0.002441226,,,0.03896889,0.11122489
0.017402275,0.126982561,4.138484425,0.009985527,59.6943766,1.389857064,0.001681315,,,0.063716599,0.122044257
0.017828929,0.051848445,0.015376867,0.006262462,19.91328989,2.682573608,0.001150303,,,0.049291076,0.051842858
0.01731074,0.255667848,0.075063867,0.000221407,28.24961608,0.66908983,0.000214329,,,0.159383156,0.226369514
0.01850233,0.304010446,0.965509205,0.000458902,176.6560977,1.544831308,0.001037698,,,0.048235526,0.264072733
0.019093164,0.324063995,0.107219867,0.000224898,511.3662773,0.644189379,0.000640075,,,0.065122536,0.170366812
0.01832579,0.126084473,2.48407377,0.000305262,60.52409038,1.428570873,0.001076543,,,0.062650618,0.121498863
0.01845715,0.301432126,0.439129698,0.001868944,513.2520719,0.648629167,0.002403284,,,0.060000556,0.158342678
0.018598542,0.488424946,0.188575242,0.001212712,85.07485907,0.932335244,0.000695985,,,0.204807077,0.420393544
0.018850978,0.257123693,1.733437571,0.000794174,22.71401559,2.56966209,0.003683936,,,0.237547857,0.25706663
0.01724677,0.069361298,0.013917714,0.000308935,24.24764377,0.600352437,0.003216931,,,0.043886779,0.060541245
0.017321626,0.469392317,0.072035434,0.000236139,155.7312141,0.501720055,0.000430594,,,0.179588725,0.311209939
0.018928498,0.081198528,0.027636961,0.000449291,20.88936137,1.303815313,0.002503785,,,0.064820242,0.080191891
0.018187742,0.494704991,0.230438581,0.000228234,54.14642831,2.157131291,0.000206845,,,0.274627391,0.491959437
0.018054201,0.152284409,4.959525395,0.000293959,15.33347263,0.973592957,0.004966935,,,0.120389327,0.148114371
0.018632026,0.38643474,4.547660148,0.000243644,226.9003922,1.769664201,0.000321685,,,0.033524166,0.327788955
0.018307238,0.106487517,0.031203496,0.027911778,33.06388184,0.878806196,0.001993861,,,0.066875081,0.098755012
0.018908675,0.144903247,3.091975779,0.025645968,13.04070134,2.813018936,0.00229711,,,0.142950814,0.144900203
0.017207661,0.149076098,0.013487114,0.000485399,53.50252488,2.034496613,0.001515815,,,0.083189471,0.147993481
0.017405315,0.106034994,0.013545706,0.000324377,69.22741973,1.254918487,0.002652865,,,0.048271407,0.099420143
0.01820808,0.259691396,0.110045148,0.004048627,43.85796103,0.627293783,0.000319368,,,0.142567711,0.217535371
0.017542019,0.346914571,2.967230797,0.005991859,502.5029409,0.933728384,0.004693467,,,0.041924357,0.187784779
0.017622772,0.158909657,0.015477177,0.000250926,45.83866464,1.246700966,0.004443078,,,0.092664868,0.152723218
0.018546649,0.392516219,0.028457574,0.001734699,310.2548032,0.764867818,0.000621456,,,0.086957968,0.244736346
0.018777709,0.141649223,0.20146259,0.035326419,31.14412665,0.878281483,0.001804105,,,0.090673177,0.131839613
0.017754052,0.157785764,1.164606261,0.000453862,31.78107648,0.691227237,0.000535853,,,0.095946664,0.139482604
0.01894404,0.192476236,0.007896183,0.003602064,63.66626724,2.292628681,0.005589476,,,0.08970512,0.19135867
0.018108195,0.247104262,0.030633892,0.000399367,31.54796499,1.854055789,0.005833751,,,0.189546829,0.246058657
0.018588801,0.332923297,0.224279152,0.00646745,11.61299418,0.924571983,0.000456232,,,0.273095468,0.324466866
0.018378029,0.22984708,0.020670725,0.021611402,15.19301462,0.711117835,0.001005693,,,0.166974301,0.214163653
0.017964568,0.129531386,0.016250663,0.00027486,103.3067729,1.807586082,0.000607756,,,0.035292381,0.124359572
0.018371611,0.036566043,0.557360427,0.025247881,13.97253477,2.040581241,0.000407868,,,0.034787797,0.036549027
0.017550905,0.04250367,4.464644947,0.010484623,17.21857722,1.916543126,0.000247971,,,0.03894423,0.042456644
0.01818139,0.29424502,0.010454805,0.002595814,91.49010271,0.719663118,0.000658458,,,0.124958142,0.233835425
0.017724003,0.053645292,0.03755646,0.027402764,24.02552997,1.021545736,0.004193397,,,0.038521494,0.051713262
0.018207127,0.429846393,0.010409583,0.038060265,13.06472468,2.579657281,0.000461484,,,0.421585612,0.429824223
0.018337635,0.37990781,0.093636211,0.036786164,25.86101164,1.055344448,0.000760892,,,0.269170674,0.366629332
0.019077499,0.389187279,1.326347415,0.012384848,92.08135721,0.758499006,0.000360698,,,0.163258373,0.313526391
0.018747892,0.173529366,0.127382229,0.037469478,11.35932299,2.551311065,0.000703997,,,0.171079661,0.173522384
0.017762115,0.472735756,1.606802887,0.001946171,215.7019791,1.31515561,0.000315353,,,0.074088819,0.37506105
0.018987096,0.193297662,0.871997383,0.000232046,105.032237,1.956443613,0.001063008,,,0.048438853,0.187111684
0.018382844,0.496816232,0.041448988,0.007514102,15.39001875,0.559832851,0.000639689,,,0.338693364,0.440192582
0.01795704,0.175262276,0.143509452,0.001566254,91.23787153,1.396513726,0.000886175,,,0.062693181,0.16348201
0.018673394,0.167955255,0.092126391,0.019334124,61.76190995,1.301869996,0.000380796,,,0.082395715,0.159680671
0.017669612,0.15868424,0.010965403,0.000333457,234.9752931,0.930388339,0.002930129,,,0.034789779,0.111904376
0.018568037,0.289275186,0.779898494,0.006131306,416.1108028,0.563018318,0.000537793,,,0.072768121,0.159486551
0.017868202,0.090320281,1.781043356,0.000294229,35.29632289,2.461503102,0.000918241,,,0.071067722,0.090235813
0.018874035,0.086064579,0.649378619,0.000282554,70.83853343,0.650763347,0.000255708,,,0.040709411,0.068907761
0.018733492,0.13729392,0.073215992,0.041081217,21.8126799,0.908153407,0.000226135,,,0.098140654,0.130844494
0.017460722,0.063517664,0.601938863,0.026632076,48.35173296,2.175893541,0.004088621,,,0.039082481,0.063253893
0.017271485,0.272919701,0.192707094,0.000808926,29.52541904,0.900860482,0.0030161,,,0.178620694,0.255942823
0.018847686,0.051262971,2.73856542,0.006771984,10.18106722,1.758075996,0.003191835,,,0.049091957,0.05122343
0.01812338,0.226607376,0.009957186,0.003213616,41.54021059,0.805180764,0.000360047,,,0.129954089,0.202966173
0.018396974,0.460155955,0.014965856,0.003120362,83.83140244,1.041257387,0.000725526,,,0.190414329,0.407642519
0.018973506,0.291335667,0.099927016,0.006285556,425.7948532,0.561171897,0.004978919,,,0.072775619,0.159642791
0.017350083,0.163485858,0.010882534,0.03869596,35.00519922,1.856271794,0.002110035,,,0.119525719,0.162652968
0.018149985,0.475427646,0.052951853,0.000473923,239.1198759,0.982354366,0.000411075,,,0.097238849,0.338369311
0.018485858,0.466072525,0.00952445,0.004542186,87.29545342,2.430097154,0.005039274,,,0.133650779,0.461805941
0.01867372,0.126263581,0.032585869,0.000859579,22.11586225,2.768847178,0.003422877,,,0.118772145,0.126250022
0.018817101,0.044164346,0.632706579,0.006182297,15.26308205,1.21110608,0.006188554,,,0.037096057,0.043652791
0.018848015,0.166530822,0.022131291,0.001278021,49.20457906,0.567915326,0.003699505,,,0.087950402,0.134122122
0.019078165,0.189494091,0.365639169,0.004920792,169.9585639,0.797999529,0.000320139,,,0.057503486,0.138775933
0.018125912,0.101758539,0.03073365,0.010494276,55.30468432,2.043020185,0.001462,,,0.055104692,0.100984198
0.017829552,0.083063854,0.020031193,0.000266638,35.95196208,0.768760659,0.000484271,,,0.04960408,0.074504739
0.018008857,0.174269934,0.015360212,0.001499955,474.1985675,0.588284262,0.001037073,,,0.039840691,0.093156199
0.017828618,0.126442943,0.753316075,0.004546368,15.0399964,2.047906821,0.003381882,,,0.119420557,0.12637639
0.017336151,0.122729284,2.200146124,0.002485935,96.23991525,0.600173182,0.000288104,,,0.052721545,0.092041346
0.017835469,0.189763275,0.022986854,0.022859252,54.84853192,2.135340096,0.003635431,,,0.103947713,0.18862301
0.018862832,0.110805307,4.667492587,0.000957295,105.8083322,0.680779637,0.00115169,,,0.044835528,0.084787305
0.017400148,0.260060298,0.907672725,0.000503136,21.00502017,0.855757144,0.003172663,,,0.184792877,0.246088388
0.018821702,0.370323533,0.075389965,0.001279198,28.40602664,1.879700359,0.004324241,,,0.297392187,0.369129372
0.017617541,0.058414588,0.511628425,0.000786899,14.98473633,1.386126645,0.002644885,,,0.050965067,0.05806573
0.017635702,0.146142686,0.284972451,0.001369343,115.1564537,0.543848916,0.000420341,,,0.060251253,0.103830892
0.018140162,0.342024795,0.699040414,0.009606948,233.8966042,0.872530276,0.000656873,,,0.079957405,0.237588838
0.017433605,0.081776898,0.03523029,0.001550479,28.01661357,1.024294975,0.003508478,,,0.05607365,0.078379573
0.018493931,0.049335372,0.018749819,0.00884334,10.54338969,0.531010266,0.000696404,,,0.035310467,0.044169872
0.017868514,0.369273652,2.381272421,0.017797352,96.32852017,0.614684038,0.003561721,,,0.157959824,0.278726389
0.019039225,0.17701249,0.015211125,0.001269815,147.9091005,0.59606507,0.006096044,,,0.065264348,0.123438854
0.017899121,0.098769866,0.559175435,0.030433733,40.85779018,2.235834245,0.001194802,,,0.069383386,0.09852742
0.017924457,0.158009905,0.028242512,0.035196622,16.67282835,1.342936794,0.00118334,,,0.134006992,0.156735327
0.017413827,0.28398588,0.259613249,0.000762659,33.27755707,0.527218101,0.001465527,,,0.163880965,0.233219229
0.017797511,0.082828364,0.07993348,0.000221611,26.75671585,0.806383904,0.000393625,,,0.054441545,0.076591278
0.018997046,0.084610938,0.0824855,0.000427117,19.89497324,2.658648305,0.00137238,,,0.080341572,0.084601072
0.017254,0.449184366,0.270234602,0.017392579,18.86093736,0.905715896,0.001424612,,,0.332584096,0.430434869
0.017227205,0.156004044,0.008435813,0.000247942,43.53626661,2.109985059,0.002555601,,,0.103433685,0.15539096
0.018379634,0.336247955,2.476010799,0.00752102,99.29869903,1.081183157,0.000525304,,,0.123435932,0.294177191
0.018383165,0.129899656,0.113558538,0.00318711,45.50244193,0.5994567,0.000901794,,,0.070321767,0.10708269
0.018002568,0.472065168,0.008399324,0.002909585,189.802467,0.591631619,0.001754794,,,0.15859544,0.313426512
0.018782301,0.252064199,2.602570493,0.041613908,176.4936059,1.292572801,0.005979645,,,0.05007836,0.209071652
0.018955623,0.142455813,0.097890499,0.000461443,78.81878482,1.452228128,0.006301422,,,0.057300149,0.135355064
0.019049867,0.123078216,1.976318935,0.000327074,63.84227549,1.902856294,0.001160745,,,0.057909066,0.12136997
0.018882277,0.28197738,0.048449327,0.002481364,267.777108,0.83905585,0.00040836,,,0.06254935,0.186965933
0.018479726,0.164183563,0.283739809,0.004274522,31.02969667,0.715805106,0.000414058,,,0.101113669,0.146591531
0.017944501,0.333396228,0.020096423,0.001665862,13.4923701,0.523765744,0.000519639,,,0.228716217,0.293217927
